is_canceled,lead_time,arrival_date_week_number,arrival_date_day_of_month,stays_in_weekend_nights,stays_in_week_nights,adults,children,babies,is_repeated_guest,previous_cancellations,previous_bookings_not_canceled,booking_changes,days_in_waiting_list,adr,required_car_parking_spaces,total_of_special_requests,meal_FB,meal_HB,meal_SC,meal_Undefined,market_segment_Complementary,market_segment_Corporate,market_segment_Direct,market_segment_Groups,market_segment_Offline TA/TO,market_segment_Online TA,distribution_channel_Direct,distribution_channel_GDS,distribution_channel_TA/TO,deposit_type_Non Refund,deposit_type_Refundable,customer_type_Group,customer_type_Transient,customer_type_Transient-Party
1,74,38,18,0,2,2,0.0,0,0,0,0,0,0,101.5,0,0,0,1,0,0,0,0,0,0,1,0,0,0,1,1,0,0,0,1
1,44,8,17,0,3,2,0.0,0,0,0,0,0,3,75.0,0,0,0,0,0,0,0,0,0,0,1,0,0,0,1,1,0,0,1,0
0,21,49,1,1,3,2,0.0,0,0,0,0,1,0,60.0,0,2,0,0,0,0,0,0,0,0,0,1,0,0,1,0,0,0,1,0
0,33,8,15,1,4,2,0.0,0,0,0,0,0,0,80.82,0,1,0,0,0,0,0,0,0,0,0,1,0,0,1,0,0,0,1,0
0,78,10,1,2,8,2,0.0,0,0,0,0,0,0,83.85,0,1,0,0,0,0,0,0,0,0,0,1,0,0,1,0,0,0,1,0
1,278,30,22,0,2,2,0.0,0,0,1,0,0,0,62.0,0,0,0,0,0,0,0,0,0,1,0,0,0,0,1,1,0,0,0,1
0,35,11,8,0,3,2,0.0,0,0,0,0,0,0,87.0,0,0,0,0,0,0,0,0,0,0,1,0,0,0,1,0,0,0,1,0
1,16,29,14,2,5,2,2.0,0,0,0,0,0,0,212.14,0,0,0,0,0,0,0,0,1,0,0,0,1,0,0,0,0,0,1,0
0,81,23,4,2,3,2,0.0,0,0,0,0,0,0,144.0,0,0,0,0,0,0,0,0,0,0,0,1,0,0,1,0,0,0,1,0
0,136,19,2,2,5,2,0.0,0,0,0,0,0,0,52.2,0,1,0,0,0,0,0,0,0,0,0,1,1,0,0,0,0,0,1,0
0,3,24,15,1,3,2,0.0,0,0,0,0,1,0,177.5,0,1,0,0,0,0,0,0,0,0,0,1,0,0,1,0,0,0,1,0
0,91,45,6,2,2,2,0.0,0,0,0,0,0,0,24.8,0,2,0,0,0,0,0,0,0,0,1,0,0,0,1,0,0,0,0,0
0,2,2,4,1,4,2,0.0,0,0,0,0,1,0,56.4,1,1,0,0,0,0,0,0,0,0,0,1,0,0,1,0,0,0,1,0
0,79,51,11,2,2,2,0.0,0,0,0,0,0,0,52.4,0,0,0,1,0,0,0,0,0,0,1,0,0,0,1,0,0,0,1,0
1,105,15,6,0,1,2,0.0,0,0,0,0,0,0,75.0,0,0,0,0,0,0,0,0,0,0,1,0,0,0,1,1,0,0,1,0
1,29,17,29,1,1,2,0.0,0,0,0,0,0,0,115.0,0,2,0,0,1,0,0,0,0,0,0,1,0,0,1,0,0,0,1,0
0,1,25,15,0,1,1,0.0,0,0,0,17,0,0,65.0,0,0,0,0,0,0,0,1,0,0,0,0,0,0,0,0,0,0,1,0
1,67,7,12,2,0,2,0.0,0,0,0,0,0,0,80.0,0,0,0,0,0,0,0,0,0,1,0,0,0,0,1,1,0,0,1,0
0,92,52,26,2,3,2,0.0,0,0,0,0,0,0,60.0,0,1,0,0,0,0,0,0,0,0,1,0,0,0,1,0,0,0,1,0
0,92,45,2,1,4,2,0.0,0,0,0,0,0,0,90.0,0,0,0,0,0,0,0,0,0,0,0,1,0,0,1,0,0,0,1,0
0,288,36,2,1,4,2,0.0,0,0,0,0,2,0,141.0,0,0,0,0,0,0,0,0,0,0,0,1,0,0,1,0,0,0,0,1
0,11,34,19,0,4,2,0.0,0,0,0,0,0,0,196.75,0,1,0,0,0,0,0,0,0,0,0,1,0,0,1,0,0,0,1,0
0,11,12,19,2,1,2,0.0,0,0,0,0,0,0,119.67,0,1,0,0,0,0,0,0,0,0,0,1,0,0,1,0,0,0,1,0
0,228,41,5,2,4,2,0.0,0,0,0,0,0,0,115.6,0,2,0,0,0,0,0,0,0,0,0,1,0,0,1,0,0,0,0,1
0,115,9,27,2,2,2,0.0,0,0,0,0,2,0,87.0,0,0,0,0,0,0,0,0,0,0,1,0,0,0,1,0,0,0,0,1
0,58,17,29,1,1,2,0.0,0,0,0,0,0,0,127.0,0,0,0,0,0,0,0,0,1,0,0,0,1,0,0,0,0,0,0,1
0,204,37,7,4,10,2,0.0,0,0,0,0,0,0,119.85,0,1,0,0,0,0,0,0,0,0,0,1,0,0,1,0,0,0,1,0
1,330,37,12,2,1,2,0.0,0,0,1,0,0,0,62.8,0,0,0,0,0,0,0,0,0,1,0,0,0,0,1,0,0,0,0,1
0,84,9,1,6,19,2,0.0,0,0,0,0,0,0,55.8,0,1,0,1,0,0,0,0,0,1,0,0,0,0,1,0,0,0,0,1
0,3,6,11,0,1,2,0.0,0,0,0,0,0,0,75.0,1,2,0,0,0,0,0,0,0,0,0,1,0,0,1,0,0,0,1,0
0,190,29,17,1,2,2,1.0,0,0,0,0,0,0,125.1,0,2,0,0,0,0,0,0,0,0,0,1,0,0,1,0,0,0,1,0
0,147,27,28,2,5,2,1.0,0,0,0,0,0,0,106.25,0,2,0,0,0,0,0,0,0,0,0,1,0,0,1,0,0,0,1,0
0,8,36,1,0,2,1,0.0,0,0,0,0,0,0,73.15,0,0,0,0,0,0,0,0,0,0,0,1,0,0,1,0,0,0,1,0
1,58,14,4,0,4,2,1.0,0,0,0,0,0,0,135.0,0,0,0,0,0,0,0,0,0,0,0,1,0,0,1,0,0,0,1,0
0,12,11,9,0,3,1,0.0,0,0,0,0,1,0,49.0,0,0,0,1,0,0,0,0,0,1,0,0,0,0,1,0,0,0,0,1
1,110,17,29,2,1,2,0.0,0,0,0,0,0,0,102.0,0,0,0,0,1,0,0,0,0,0,0,1,0,0,1,0,0,0,1,0
1,3,49,30,3,8,2,0.0,0,1,1,0,0,0,89.45,0,2,0,0,0,0,0,0,1,0,0,0,1,0,0,0,0,0,1,0
0,4,12,14,1,2,1,0.0,0,1,0,1,0,0,34.4,0,0,0,0,0,0,0,0,0,0,0,1,0,0,1,0,0,0,1,0
0,59,6,6,2,2,1,0.0,0,0,0,0,0,0,51.0,0,0,0,0,0,0,0,0,0,1,0,0,0,0,1,0,0,0,0,1
1,74,22,1,0,2,2,0.0,0,0,0,0,0,0,144.0,0,0,0,0,0,0,0,0,0,0,0,1,0,0,1,0,0,0,1,0
0,22,47,19,0,3,2,0.0,0,0,0,0,0,0,95.0,0,1,0,0,0,0,0,0,0,0,0,1,0,0,1,0,0,0,1,0
1,97,15,9,4,10,2,2.0,0,0,0,0,0,0,187.64,0,0,0,1,0,0,0,0,0,0,0,1,0,0,1,0,0,0,1,0
1,113,27,30,1,3,2,0.0,0,0,0,0,0,0,85.0,0,0,0,0,0,0,0,0,0,0,1,0,0,0,1,1,0,0,1,0
0,36,47,20,0,2,2,0.0,0,0,0,0,0,0,64.0,0,0,1,0,0,0,0,0,0,1,0,0,0,0,1,0,0,0,0,1
1,372,14,4,0,1,2,0.0,0,0,0,0,0,0,90.0,0,0,0,0,0,0,0,0,0,0,1,0,0,0,1,1,0,0,1,0
0,83,39,23,0,2,3,0.0,0,0,0,0,1,0,84.0,0,0,0,0,0,0,0,0,0,1,0,0,0,0,1,0,0,0,0,1
0,148,14,30,1,4,2,0.0,0,0,0,0,0,0,51.4,0,1,0,0,0,0,0,0,0,0,0,1,0,0,1,0,0,0,1,0
0,48,12,20,1,3,2,0.0,0,0,0,0,0,0,72.0,0,0,0,0,0,0,0,0,0,0,1,0,0,0,1,0,0,0,1,0
0,92,10,5,2,5,2,0.0,0,0,0,0,0,0,52.0,0,0,0,0,0,0,0,0,0,0,1,0,0,0,1,0,0,0,1,0
1,29,17,29,1,1,1,0.0,0,0,0,0,0,0,115.0,0,2,0,0,1,0,0,0,0,0,0,1,0,0,1,0,0,0,1,0
1,212,21,22,2,5,2,0.0,0,0,0,0,0,0,114.56,0,1,0,1,0,0,0,0,0,0,0,1,0,0,1,0,0,0,1,0
0,105,29,15,1,2,2,0.0,0,0,0,0,0,0,118.8,0,1,0,0,0,0,0,0,0,0,0,1,0,0,1,0,0,0,1,0
0,2,48,24,0,1,1,0.0,0,1,0,3,0,0,27.0,0,0,0,0,0,0,0,1,0,0,0,0,0,0,0,0,0,0,1,0
0,142,21,24,0,4,2,0.0,0,0,0,0,0,0,126.0,0,0,0,0,0,0,0,0,0,0,0,1,0,0,1,0,0,0,1,0
1,120,47,16,2,4,2,0.0,0,0,0,0,0,0,68.0,0,0,0,0,0,0,0,0,0,0,1,0,0,0,1,0,0,0,1,0
1,304,23,8,2,3,2,0.0,0,0,0,0,0,0,66.0,0,0,0,1,0,0,0,0,0,1,0,0,0,0,1,1,0,0,1,0
1,14,20,16,0,5,2,0.0,0,0,0,0,0,0,132.0,0,1,0,0,0,0,0,0,0,0,0,1,0,0,1,0,0,0,1,0
0,5,48,22,2,0,1,0.0,0,0,0,0,0,0,40.0,0,1,0,0,0,0,0,0,0,0,0,1,0,0,1,0,0,0,1,0
1,87,13,20,2,1,2,0.0,0,0,0,0,0,0,78.3,0,0,0,0,0,0,0,0,0,0,0,1,0,0,1,0,0,0,1,0
1,25,44,26,1,2,2,0.0,0,0,0,0,0,0,48.6,0,1,0,0,0,0,0,0,0,0,1,0,0,0,1,0,0,0,0,0
0,55,32,3,1,3,2,0.0,0,0,0,0,0,0,210.0,0,0,0,0,0,0,0,0,1,0,0,0,1,0,0,0,0,0,1,0
0,6,27,1,0,2,1,0.0,0,0,0,0,0,0,0.0,0,0,0,1,0,0,0,0,0,0,1,0,0,0,1,0,0,0,1,0
0,0,7,10,0,1,2,0.0,0,0,0,0,0,0,55.0,0,0,0,0,0,0,0,0,1,0,0,0,1,0,0,0,0,0,1,0
1,185,51,16,1,2,2,0.0,0,0,0,0,0,0,79.2,0,0,0,0,1,0,0,0,0,0,0,1,0,0,1,0,0,0,1,0
1,0,52,20,0,1,1,0.0,0,1,0,6,0,0,65.0,0,2,0,0,0,0,0,0,0,0,1,0,0,0,1,0,0,0,1,0
0,42,44,26,1,4,1,0.0,0,0,0,0,0,0,73.15,0,1,0,0,1,0,0,0,0,0,0,1,0,0,1,0,0,0,1,0
0,10,21,21,1,1,2,0.0,0,0,0,0,0,0,107.0,0,0,0,0,0,0,0,0,0,0,1,0,0,0,1,0,0,0,1,0
0,41,30,20,1,4,2,0.0,0,0,0,0,0,0,104.0,0,0,0,0,0,0,0,0,0,0,1,0,0,0,1,0,0,0,1,0
1,220,35,27,1,0,2,0.0,0,0,0,0,1,0,128.7,0,0,0,0,0,0,0,0,0,0,1,0,0,0,1,0,0,0,0,1
0,119,8,21,2,5,3,1.0,0,0,0,0,0,0,135.0,0,1,0,1,0,0,0,0,0,0,0,1,0,0,1,0,0,0,1,0
0,192,26,24,0,2,1,0.0,0,0,0,0,0,0,95.0,0,0,0,0,0,0,0,0,0,0,1,0,0,0,1,0,0,0,0,1
0,465,30,26,0,3,2,0.0,0,0,0,0,0,0,112.67,0,1,0,0,0,0,0,0,0,0,1,0,0,0,1,0,0,0,0,1
0,38,3,21,1,1,1,0.0,0,0,0,0,0,0,98.0,0,1,0,0,0,0,0,0,0,0,0,1,0,0,1,0,0,0,1,0
0,34,16,11,1,3,2,0.0,0,0,0,0,0,0,113.04,0,0,0,0,0,0,0,0,0,0,1,0,0,0,1,0,0,0,1,0
0,18,48,20,2,4,2,0.0,0,0,0,0,0,0,68.4,0,0,0,1,0,0,0,0,0,0,1,0,0,0,1,0,0,0,1,0
0,464,30,25,0,4,2,0.0,0,0,0,0,1,0,107.0,0,1,0,0,0,0,0,0,0,0,1,0,0,0,1,0,0,0,0,1
0,10,47,17,1,3,3,0.0,0,0,0,0,0,0,51.0,0,0,0,0,0,0,0,0,0,1,0,0,1,0,0,0,0,0,0,1
1,127,10,11,1,1,2,0.0,0,0,0,0,0,0,80.0,0,0,0,0,0,0,0,0,0,1,0,0,0,0,1,1,0,0,1,0
1,341,39,23,0,2,2,0.0,0,0,1,0,0,0,62.0,0,0,0,0,0,0,0,0,0,1,0,0,0,0,1,1,0,0,0,1
0,2,1,5,1,3,2,0.0,0,0,0,0,0,0,39.6,0,0,0,0,0,0,0,0,1,0,0,0,1,0,0,0,0,0,1,0
0,56,37,5,1,3,1,0.0,0,0,0,0,0,0,123.98,0,2,0,0,0,0,0,0,0,0,0,1,0,0,1,0,0,0,1,0
0,5,22,1,0,1,1,0.0,0,0,0,0,0,0,67.5,0,0,0,0,0,0,0,0,0,0,0,1,0,0,1,0,0,0,1,0
0,76,32,6,2,0,3,0.0,0,0,0,1,2,0,179.5,0,1,0,0,0,0,0,0,1,0,0,0,1,0,0,0,0,1,0,0
1,95,35,26,2,3,3,1.0,0,0,0,0,0,0,253.0,0,0,0,0,0,0,0,0,0,0,0,1,0,0,1,0,0,0,1,0
1,238,11,17,1,2,2,0.0,0,0,0,0,0,0,79.2,0,1,0,0,1,0,0,0,0,0,0,1,0,0,1,0,0,0,1,0
1,35,28,15,1,1,2,0.0,0,0,0,0,0,0,130.0,0,1,0,0,1,0,0,0,0,0,0,1,0,0,1,0,0,0,1,0
0,292,30,21,0,2,2,0.0,0,0,0,0,0,0,115.0,0,0,0,1,0,0,0,0,0,0,1,0,0,0,1,0,0,0,0,1
1,230,19,7,2,2,3,0.0,0,0,0,0,0,0,157.7,0,2,0,0,0,0,0,0,0,0,0,1,0,0,1,0,0,0,1,0
0,36,10,2,0,3,3,0.0,0,0,0,0,0,0,117.3,0,1,0,0,0,0,0,0,0,0,0,1,0,0,1,0,0,0,1,0
0,157,37,11,1,2,3,0.0,0,0,0,0,0,0,153.0,0,1,0,0,0,0,0,0,0,0,0,1,0,0,1,0,0,0,1,0
0,241,27,2,2,5,2,0.0,0,0,0,0,0,0,97.4,0,0,0,1,0,0,0,0,0,0,1,0,0,0,1,0,0,0,0,0
0,70,12,16,0,4,2,0.0,0,0,0,0,0,0,68.0,0,2,0,0,1,0,0,0,0,0,0,1,0,0,1,0,0,0,1,0
1,423,21,23,0,1,2,0.0,0,0,0,0,0,0,90.0,0,0,0,0,0,0,0,0,0,1,0,0,0,0,1,1,0,0,1,0
1,385,39,21,0,4,2,0.0,0,0,0,0,0,0,66.0,0,0,0,0,0,0,0,0,0,1,0,0,1,0,0,1,0,0,1,0
0,247,24,6,0,0,2,0.0,0,0,0,0,0,0,0.0,0,1,0,1,0,0,0,0,0,0,1,0,0,0,1,0,0,0,0,1
0,232,23,8,2,5,2,0.0,0,0,0,0,0,0,156.8,1,1,0,1,0,0,0,0,0,0,0,1,0,0,1,0,0,0,1,0
0,162,13,1,2,1,2,0.0,0,0,0,0,0,105,88.2,0,0,0,0,0,0,0,0,0,1,0,0,0,0,1,0,0,0,0,1
1,98,48,23,1,2,1,0.0,0,0,0,0,0,0,84.0,0,0,1,0,0,0,0,0,0,1,0,0,0,0,1,0,0,0,0,1
1,105,15,6,0,1,2,0.0,0,0,0,0,0,0,75.0,0,0,0,0,0,0,0,0,0,0,1,0,0,0,1,1,0,0,1,0
1,1,34,22,2,2,2,0.0,0,0,0,0,1,0,12.0,0,0,0,0,0,0,0,0,0,0,0,1,0,0,1,0,0,0,1,0
0,116,20,19,1,2,2,0.0,0,0,0,0,0,0,126.0,0,2,0,0,0,0,0,0,0,0,0,1,0,0,1,0,0,0,1,0
1,106,50,9,0,2,2,0.0,0,0,0,0,0,57,75.0,0,0,0,0,0,0,0,0,0,1,0,0,0,0,1,1,0,0,1,0
1,113,20,20,2,1,1,0.0,0,0,0,0,0,0,190.0,0,0,0,0,0,0,0,0,0,0,1,0,0,0,1,1,0,0,1,0
0,4,17,17,2,1,2,2.0,0,0,0,0,0,0,152.85,0,2,0,0,0,0,0,0,0,0,0,1,0,0,1,0,0,0,1,0
0,53,14,2,0,1,1,0.0,0,0,0,0,0,0,75.6,0,1,0,0,1,0,0,0,0,0,0,1,0,0,1,0,0,0,1,0
1,26,45,5,4,11,1,0.0,0,0,0,0,0,0,131.57,0,1,0,0,0,0,0,0,0,0,0,1,0,0,1,0,0,0,1,0
1,73,18,30,2,1,3,0.0,0,0,0,0,0,0,159.3,0,1,0,0,0,0,0,0,0,0,0,1,0,0,1,0,0,0,1,0
0,1,41,4,0,1,2,0.0,0,0,0,0,0,0,95.0,0,1,0,0,0,0,0,0,0,0,0,1,0,0,1,0,0,0,0,1
0,134,8,25,2,1,2,0.0,0,0,0,0,0,0,126.0,0,3,0,0,0,0,0,0,0,0,0,1,0,0,1,0,0,0,1,0
1,27,1,3,0,2,2,0.0,0,0,0,0,0,0,106.0,0,1,0,0,0,0,0,0,0,0,0,1,0,0,1,0,0,0,1,0
0,219,36,4,0,1,2,0.0,0,0,0,0,0,0,108.0,0,0,0,1,0,0,0,0,0,0,1,0,0,0,1,0,0,0,0,1
1,139,31,1,0,3,2,0.0,0,0,0,0,0,0,140.17,0,1,0,0,0,0,0,0,0,0,0,1,0,0,1,0,0,0,1,0
0,26,14,7,0,2,2,0.0,0,0,0,0,0,0,188.0,0,0,0,1,0,0,0,0,0,0,0,1,0,0,1,0,0,0,1,0
0,4,4,27,0,2,2,0.0,0,0,0,0,0,0,70.0,0,1,0,0,0,0,0,0,1,0,0,0,1,0,0,0,0,0,1,0
0,166,36,29,1,0,3,0.0,0,0,0,0,0,0,128.7,0,0,0,0,0,0,0,0,0,0,0,1,0,0,1,0,0,0,1,0
1,183,49,3,2,1,2,0.0,0,0,0,0,0,0,72.0,0,0,1,0,0,0,0,0,0,1,0,0,0,0,1,1,0,0,1,0
0,0,6,8,0,1,2,0.0,0,1,0,0,0,0,56.0,1,0,0,0,0,0,0,0,1,0,0,0,1,0,0,0,0,0,1,0
0,1,2,11,0,2,1,0.0,0,1,0,1,0,0,30.0,0,0,0,0,0,0,0,0,0,0,1,0,0,0,1,0,0,1,0,0
0,49,14,30,0,3,3,0.0,0,0,0,0,1,0,174.6,0,1,0,1,0,0,0,0,0,0,0,1,0,0,1,0,0,0,1,0
0,2,17,21,0,1,2,0.0,0,0,0,0,0,0,101.0,0,1,0,0,0,0,0,0,0,0,0,1,0,0,1,0,0,0,1,0
1,64,48,22,0,3,2,0.0,0,0,0,0,0,0,93.6,0,1,0,0,0,0,0,0,0,0,0,1,0,0,1,0,0,0,1,0
0,88,7,14,0,3,2,1.0,0,0,0,0,0,0,111.6,0,2,0,0,0,0,0,0,0,0,0,1,0,0,1,0,0,0,1,0
0,134,32,7,2,7,2,1.0,0,0,0,0,1,0,150.6,0,2,0,0,0,0,0,0,0,0,0,1,0,0,1,0,0,0,1,0
1,216,43,19,1,2,2,0.0,0,0,0,0,0,0,12.0,0,0,0,0,0,0,0,0,0,1,0,0,0,0,1,0,0,0,0,1
1,54,3,18,0,3,2,0.0,0,0,0,0,0,0,65.0,0,0,0,0,0,0,0,0,0,0,1,0,0,0,1,1,0,0,1,0
0,117,10,29,1,2,2,0.0,0,0,0,0,2,0,86.33,0,0,0,0,0,0,0,0,0,0,1,0,0,0,1,0,0,0,0,1
0,88,10,11,2,5,2,0.0,0,0,0,0,2,0,34.0,0,0,0,0,0,0,0,0,0,1,0,0,0,0,1,0,0,0,0,1
0,16,36,5,2,1,2,2.0,0,0,0,0,0,0,165.0,0,3,0,0,0,0,0,0,0,0,0,1,0,0,1,0,0,0,0,0
1,311,26,25,2,5,2,2.0,0,0,0,0,0,0,151.14,0,0,0,0,0,0,0,0,0,0,0,1,0,0,1,0,0,0,1,0
0,8,29,14,0,1,1,0.0,0,1,0,1,0,0,134.0,0,0,0,0,0,0,0,1,0,0,0,0,0,0,0,0,0,0,1,0
0,19,26,26,1,1,2,0.0,0,1,0,2,2,0,150.0,0,0,0,0,0,0,0,1,0,0,0,0,0,0,0,0,0,0,1,0
0,51,15,15,2,1,2,0.0,0,0,0,0,0,0,114.0,0,1,0,0,1,0,0,0,0,0,0,1,0,0,1,0,0,0,1,0
0,6,18,30,1,1,2,0.0,0,0,0,0,0,0,95.0,0,2,0,0,0,0,0,0,0,0,0,1,0,0,1,0,0,0,1,0
1,196,10,9,2,5,2,1.0,0,0,0,0,4,0,105.3,0,3,0,0,0,0,0,0,0,0,0,1,0,0,1,0,0,0,1,0
1,629,13,30,0,2,2,0.0,0,0,0,0,0,0,62.0,0,0,0,0,0,0,0,0,0,1,0,0,0,0,1,1,0,0,1,0
0,32,37,6,2,4,2,0.0,0,0,0,1,1,0,129.5,1,2,0,0,0,0,0,0,1,0,0,0,1,0,0,0,0,0,1,0
0,42,5,2,1,3,2,0.0,0,0,0,0,0,0,90.1,0,1,0,0,0,0,0,0,0,0,0,1,0,0,1,0,0,0,1,0
1,124,18,28,1,3,1,0.0,0,0,0,0,0,0,96.48,0,0,0,0,0,0,0,0,1,0,0,0,1,0,0,0,0,0,1,0
1,237,30,29,2,6,2,2.0,0,0,0,0,0,0,244.0,0,0,0,0,0,0,0,0,0,0,0,1,0,0,1,0,0,0,1,0
1,149,27,28,2,5,2,1.0,0,0,0,0,0,0,106.25,0,0,0,0,0,0,0,0,0,0,0,1,0,0,1,0,0,0,1,0
0,72,37,11,0,2,1,0.0,0,0,0,0,0,0,98.0,0,0,0,1,0,0,0,0,0,1,0,0,0,0,1,0,0,0,0,1
1,313,35,26,0,2,1,0.0,0,0,1,0,0,0,60.0,0,0,0,0,0,0,0,0,0,1,0,0,0,0,1,1,0,0,0,1
1,24,11,15,2,5,2,0.0,0,0,0,0,0,0,68.0,0,0,0,0,0,0,0,0,0,0,0,1,0,0,1,0,0,0,1,0
1,87,39,25,2,3,2,0.0,0,0,0,0,0,0,170.0,0,0,0,0,0,0,0,0,0,1,0,0,0,0,1,1,0,0,1,0
0,7,44,29,0,1,1,0.0,0,0,0,0,0,0,65.0,0,0,0,0,0,0,0,0,1,0,0,0,1,0,0,0,0,0,0,1
0,8,4,19,0,5,2,0.0,0,0,0,0,0,0,79.4,0,1,0,0,1,0,0,0,0,0,0,1,0,0,1,0,0,0,1,0
0,183,37,8,0,3,2,0.0,0,0,0,0,0,0,110.0,0,1,0,0,0,0,0,0,0,0,1,0,0,0,1,0,0,0,0,1
0,122,21,23,1,5,2,0.0,0,0,0,0,0,0,126.0,0,0,0,0,0,0,0,0,0,0,0,1,0,0,1,0,0,0,1,0
0,4,9,26,1,2,2,0.0,0,0,0,0,0,0,51.33,0,2,0,0,0,0,0,0,0,0,0,1,0,0,1,0,0,0,1,0
0,1,18,4,0,1,2,2.0,0,0,0,0,1,0,260.0,0,0,0,0,0,0,0,0,0,0,0,1,0,0,1,0,0,0,1,0
1,34,15,4,1,4,2,0.0,0,0,0,0,0,0,131.4,0,0,0,0,0,0,0,0,0,0,0,1,0,0,1,0,0,0,1,0
1,57,18,24,1,0,1,0.0,0,0,0,0,0,0,94.5,0,0,0,0,1,0,0,0,0,0,0,1,0,0,1,0,0,0,1,0
0,106,39,25,2,4,3,0.0,0,0,0,0,0,0,95.82,0,2,0,0,0,0,0,0,0,0,1,0,0,0,1,0,0,0,0,0
1,40,23,7,0,2,1,0.0,0,0,0,0,0,0,95.0,0,0,0,0,1,0,0,0,0,0,0,1,0,0,1,0,0,0,1,0
1,97,42,11,0,5,2,0.0,0,0,0,0,2,0,176.8,0,0,0,0,0,0,0,0,1,0,0,0,1,0,0,0,0,0,1,0
1,304,34,17,1,1,2,0.0,0,0,1,0,0,0,62.0,0,0,0,0,0,0,0,0,0,1,0,0,0,0,1,1,0,0,0,0
1,317,38,15,0,2,2,0.0,0,0,0,0,0,0,120.0,0,0,0,0,0,0,0,0,0,0,1,0,0,0,1,1,0,0,1,0
1,142,17,22,2,3,2,0.0,0,0,0,0,0,0,103.0,0,0,0,0,0,0,0,0,0,1,0,0,0,0,1,1,0,0,1,0
0,84,15,15,2,1,3,0.0,0,0,0,0,0,0,204.0,0,1,0,1,0,0,0,0,0,0,0,1,0,0,1,0,0,0,1,0
0,67,40,28,1,3,2,0.0,0,0,0,0,0,0,70.84,0,1,0,0,0,0,0,0,0,0,0,1,0,0,1,0,0,0,1,0
0,8,40,30,0,3,2,0.0,0,0,0,0,0,0,151.33,0,2,0,0,0,0,0,0,0,0,0,1,0,0,1,0,0,0,0,0
0,0,2,8,0,2,2,0.0,0,0,0,0,1,0,75.75,0,0,0,0,0,0,0,0,1,0,0,0,1,0,0,0,0,0,0,1
1,28,9,2,0,3,2,0.0,0,0,0,0,0,0,95.0,0,0,0,0,0,0,0,0,0,1,0,0,0,0,1,1,0,0,1,0
0,83,31,25,1,2,2,1.0,0,0,0,0,0,0,117.1,1,0,0,0,0,0,0,0,0,0,1,0,0,0,1,0,0,0,1,0
0,230,42,12,0,1,2,0.0,0,0,0,0,0,0,68.5,1,1,0,0,0,0,0,0,1,0,0,0,1,0,0,0,0,0,1,0
0,0,6,9,0,0,2,0.0,0,1,0,0,0,0,0.0,0,3,0,0,0,0,0,0,0,0,0,1,0,0,1,0,0,0,1,0
0,134,28,9,2,5,2,0.0,0,0,0,0,0,0,88.4,0,2,0,0,0,0,0,0,0,0,1,0,0,0,1,0,0,0,0,0
1,207,41,4,0,1,2,0.0,0,0,0,0,0,0,98.1,0,0,0,0,1,0,0,0,0,0,0,1,0,0,1,0,0,0,1,0
0,0,41,3,1,0,1,0.0,0,0,0,0,0,0,156.0,0,0,0,0,0,0,0,0,0,0,0,1,0,0,1,0,0,0,1,0
0,247,24,6,1,1,2,0.0,0,0,0,0,0,0,115.0,0,1,0,1,0,0,0,0,0,0,1,0,0,0,1,0,0,0,0,1
0,6,15,12,0,2,2,0.0,0,0,0,0,0,0,100.0,0,1,0,0,0,0,0,0,1,0,0,0,1,0,0,0,0,0,1,0
0,72,44,28,0,3,2,0.0,0,0,0,0,0,58,85.67,0,0,0,0,0,0,0,0,0,1,0,0,0,0,1,0,0,0,0,1
0,7,23,4,1,1,2,0.0,0,0,0,0,0,0,119.0,0,0,0,0,1,0,0,0,0,0,0,1,0,0,1,0,0,0,1,0
1,580,6,9,0,2,2,0.0,0,0,0,0,0,0,62.0,0,0,0,0,0,0,0,0,0,1,0,0,0,0,1,1,0,0,1,0
1,65,23,5,1,4,2,0.0,0,0,0,0,0,0,126.0,0,0,0,0,1,0,0,0,0,0,0,1,0,0,1,0,0,0,1,0
1,124,42,9,2,0,2,1.0,0,0,0,0,0,0,135.0,0,0,0,0,0,0,0,0,0,0,0,1,0,0,1,0,0,0,1,0
0,186,30,18,1,2,2,0.0,0,0,0,0,0,0,105.3,1,1,0,0,0,0,0,0,0,0,0,1,0,0,1,0,0,0,1,0
0,41,33,14,1,3,2,0.0,0,0,0,0,0,0,131.2,0,0,0,0,0,0,0,0,0,0,0,1,0,0,1,0,0,0,1,0
0,96,12,19,2,5,2,0.0,0,0,0,0,1,0,34.0,0,0,0,0,0,0,0,0,0,1,0,0,0,0,1,0,0,0,0,1
1,193,26,20,1,2,2,0.0,0,0,0,0,0,39,120.0,0,0,0,0,0,0,0,0,0,0,1,0,0,0,1,1,0,0,1,0
0,32,21,18,2,5,2,0.0,0,0,0,0,0,0,121.0,1,1,0,0,0,0,0,0,1,0,0,0,1,0,0,0,0,0,1,0
0,0,32,11,0,2,2,0.0,0,0,0,0,0,0,209.0,0,0,0,0,0,0,0,0,0,0,0,1,0,0,1,0,0,0,1,0
0,165,33,13,2,1,3,0.0,0,0,0,0,1,0,199.26,0,0,0,0,0,0,0,0,0,0,1,0,0,0,1,0,0,0,1,0
1,169,32,8,0,4,3,0.0,0,0,0,0,0,0,184.5,0,0,0,0,0,0,0,0,0,0,0,1,0,0,1,0,0,0,1,0
1,10,14,3,1,1,1,0.0,0,0,0,0,0,0,45.0,0,0,0,0,0,0,0,1,0,0,0,0,0,0,0,1,0,0,1,0
1,65,36,5,1,1,2,0.0,0,0,0,0,0,0,62.0,0,0,0,0,0,0,0,0,0,1,0,0,0,0,1,1,0,0,1,0
0,142,18,29,0,2,1,0.0,0,0,0,0,1,0,65.0,0,1,0,0,0,0,0,0,0,1,0,0,0,0,1,0,0,0,0,1
1,243,25,24,4,10,2,0.0,0,0,0,0,0,0,126.0,0,0,0,1,0,0,0,0,0,0,0,1,0,0,1,0,0,0,1,0
0,4,17,19,0,2,1,0.0,0,0,0,0,1,0,95.0,0,0,0,0,0,0,0,0,0,0,0,0,0,0,0,0,0,0,1,0
0,2,3,15,0,1,2,0.0,0,0,0,0,0,0,66.0,0,2,0,0,0,0,0,0,0,0,0,1,0,0,1,0,0,0,1,0
1,64,31,1,0,1,3,0.0,0,0,0,0,1,0,230.0,0,1,0,0,0,0,0,0,0,0,0,1,0,0,1,0,0,0,1,0
0,0,30,20,0,4,2,0.0,0,0,0,0,3,0,99.7,0,0,0,0,0,0,0,0,1,0,0,0,1,0,0,0,0,0,1,0
0,21,38,14,1,2,2,0.0,0,0,0,0,0,0,132.0,1,2,0,0,0,0,0,0,0,0,0,1,0,0,1,0,0,0,1,0
1,100,36,1,1,3,2,0.0,0,0,0,0,0,0,129.6,0,0,0,0,0,0,0,0,0,0,0,1,0,0,1,0,0,0,1,0
0,33,23,7,0,2,2,0.0,0,0,0,0,0,0,95.0,0,2,0,0,0,0,0,1,0,0,0,0,0,0,0,0,0,0,1,0
1,101,23,2,2,3,2,0.0,0,0,0,0,0,0,148.0,0,0,0,0,0,0,0,0,0,0,0,1,0,0,1,0,0,0,1,0
1,176,29,12,0,4,2,0.0,0,0,0,0,0,0,90.95,0,0,0,0,0,0,0,0,0,0,0,1,0,0,1,0,0,0,1,0
1,275,33,17,0,2,2,1.0,0,0,0,0,0,0,125.1,0,0,0,0,0,0,0,0,0,0,0,1,0,0,1,0,0,0,1,0
1,0,43,20,0,1,1,0.0,0,1,0,0,1,0,123.0,0,0,0,0,0,0,0,0,0,0,1,0,0,0,1,0,0,0,1,0
1,0,8,21,0,1,1,0.0,0,1,0,7,0,0,80.0,0,0,0,0,0,0,0,1,0,0,0,0,0,0,0,0,0,0,1,0
0,22,46,10,0,3,2,0.0,0,0,0,0,0,0,75.6,0,2,0,1,0,0,0,0,0,0,0,1,0,0,1,0,0,0,1,0
1,198,49,5,2,1,2,0.0,0,0,0,0,0,0,90.0,0,0,0,1,0,0,0,0,0,1,0,0,0,0,1,1,0,0,1,0
1,325,37,7,1,1,2,0.0,0,0,1,0,0,0,62.0,0,0,0,0,0,0,0,0,0,1,0,0,0,0,1,1,0,0,0,0
0,177,27,6,1,3,2,0.0,0,0,0,0,0,0,100.18,0,1,0,0,0,0,0,0,0,0,0,1,0,0,1,0,0,0,1,0
0,233,36,3,1,1,1,0.0,0,0,0,0,1,0,0.0,0,0,0,1,0,0,0,0,0,1,0,0,0,0,1,0,0,0,0,1
1,38,51,16,1,2,2,0.0,0,0,0,0,4,0,66.0,0,1,0,0,0,0,0,0,0,0,0,1,0,0,1,0,0,0,1,0
0,30,10,5,2,1,2,0.0,0,0,0,0,0,0,117.0,0,0,0,1,0,0,0,0,0,0,1,0,0,0,1,0,0,0,1,0
0,135,23,6,0,3,2,0.0,0,0,0,0,0,0,144.0,0,1,0,0,0,0,0,0,0,0,0,1,0,0,1,0,0,0,1,0
0,1,3,12,0,1,1,0.0,0,0,0,0,0,0,76.0,0,0,0,0,0,0,0,0,1,0,0,0,1,0,0,0,0,0,1,0
0,102,17,24,1,3,2,0.0,0,0,0,0,0,0,100.0,0,0,0,0,0,0,0,0,0,1,0,0,0,0,1,0,0,0,0,1
1,129,22,2,1,2,2,0.0,0,0,0,0,0,0,130.0,0,0,0,0,0,0,0,0,0,1,0,0,0,0,1,1,0,0,1,0
1,155,24,17,2,4,2,2.0,0,0,0,0,0,0,180.0,0,0,0,0,0,0,0,0,0,0,0,1,0,0,1,0,0,0,1,0
0,152,32,7,1,4,2,0.0,0,0,0,0,0,0,220.0,0,2,0,0,0,0,0,0,0,0,0,1,0,0,1,0,0,0,1,0
0,0,46,8,0,0,1,0.0,0,1,0,0,0,0,0.0,0,2,0,0,0,0,0,0,0,0,0,1,0,1,0,0,0,0,1,0
1,156,33,13,2,5,2,1.0,0,0,0,0,0,0,171.96,0,2,0,1,0,0,0,0,0,0,0,1,0,0,1,0,0,0,1,0
0,1,32,11,0,1,1,0.0,0,0,0,0,0,0,75.0,0,2,0,0,0,0,0,0,1,0,0,0,1,0,0,0,0,0,1,0
1,207,53,30,1,2,2,0.0,0,0,0,0,0,0,161.67,0,0,0,0,0,0,0,0,0,0,1,0,0,0,1,0,0,0,1,0
1,239,25,15,0,2,2,0.0,0,0,0,0,0,80,112.2,0,0,0,1,0,0,0,0,0,0,1,0,0,0,1,1,0,0,1,0
1,181,31,31,1,4,2,0.0,0,0,0,0,2,0,194.0,0,1,0,0,0,0,0,0,0,0,0,1,0,0,1,0,0,0,1,0
0,287,42,15,2,6,2,0.0,0,0,0,0,2,0,44.5,0,0,0,0,0,0,0,0,0,1,0,0,0,0,0,0,0,0,0,1
1,102,42,11,2,2,2,0.0,0,0,0,0,0,0,50.4,0,0,0,0,0,0,0,0,0,0,0,1,0,0,1,0,0,0,1,0
0,56,46,7,1,2,1,0.0,0,0,0,0,0,0,209.0,0,2,0,0,0,0,0,0,0,0,0,1,0,0,1,0,0,0,1,0
1,94,34,25,1,2,2,0.0,0,0,0,0,0,0,122.45,0,0,0,0,0,0,0,0,0,0,0,1,0,0,1,0,0,0,1,0
0,92,40,26,1,3,2,0.0,0,0,0,0,0,0,102.68,0,0,0,0,0,0,0,0,0,0,1,0,0,0,1,0,0,0,1,0
0,59,6,6,2,2,2,0.0,0,0,0,0,0,0,62.0,0,0,0,0,0,0,0,0,0,1,0,0,0,0,1,0,0,0,0,1
1,96,33,17,2,5,2,0.0,0,0,0,0,0,0,125.0,0,1,0,0,1,0,0,0,0,0,0,1,0,0,1,0,0,0,1,0
0,26,47,17,1,3,2,0.0,0,0,0,0,0,0,57.59,0,1,0,0,1,0,0,0,0,0,0,1,0,0,1,0,0,0,1,0
1,10,27,6,0,1,2,0.0,0,0,0,0,0,0,118.0,0,2,0,0,1,0,0,0,0,0,0,1,0,0,1,0,0,0,1,0
0,121,30,23,1,1,2,0.0,0,0,0,0,0,0,105.3,0,0,0,0,0,0,0,0,0,0,0,1,0,0,1,0,0,0,1,0
1,238,6,10,0,2,2,0.0,0,0,0,0,0,0,54.0,0,0,0,1,0,0,0,0,0,1,0,0,0,0,1,1,0,0,1,0
0,30,7,12,1,2,2,0.0,0,0,0,0,0,0,63.21,0,1,0,0,0,0,0,0,0,0,0,1,0,0,1,0,0,0,1,0
0,33,40,25,1,0,2,0.0,0,0,0,0,0,0,99.0,0,2,0,0,1,0,0,0,0,0,0,1,0,0,1,0,0,0,1,0
0,12,32,5,0,3,1,0.0,0,0,0,0,0,0,60.0,0,0,0,0,0,0,0,1,0,0,0,0,0,0,0,0,0,0,0,1
1,55,34,16,2,5,2,1.0,0,0,0,0,1,0,223.99,0,3,0,1,0,0,0,0,0,0,0,1,0,0,1,0,0,0,1,0
1,120,50,4,2,1,2,0.0,0,0,0,0,0,0,79.2,0,0,0,0,1,0,0,0,0,0,0,1,0,0,1,0,0,0,1,0
1,263,26,29,2,3,2,0.0,0,0,0,0,0,0,115.74,0,0,0,0,0,0,0,0,0,0,0,1,0,0,1,0,0,0,1,0
1,177,16,21,0,2,2,0.0,0,0,0,0,0,0,99.0,0,0,0,0,1,0,0,0,0,0,0,1,0,0,1,0,0,0,1,0
0,117,52,21,2,5,2,0.0,0,0,0,0,0,0,30.24,0,0,0,0,0,0,0,0,0,0,0,1,0,0,1,0,0,0,1,0
1,182,18,27,0,4,2,0.0,0,0,1,0,0,50,75.0,0,0,0,0,0,0,0,0,0,0,1,0,0,0,1,1,0,0,1,0
0,0,24,9,0,2,3,0.0,0,0,0,0,1,0,157.0,0,1,0,1,0,0,0,0,0,0,0,1,0,0,1,0,0,0,1,0
1,192,43,21,0,2,2,0.0,0,0,0,0,0,0,95.0,0,0,0,0,0,0,0,0,0,1,0,0,0,0,1,0,0,0,0,1
1,62,16,16,2,1,2,0.0,0,0,0,0,2,0,126.0,0,0,0,0,0,0,0,0,0,0,0,1,0,0,1,0,0,0,1,0
0,186,18,24,2,3,1,0.0,0,0,0,0,0,0,68.55,0,0,0,0,0,0,0,0,0,0,0,1,0,0,1,0,0,0,1,0
1,63,31,28,0,3,2,2.0,0,0,0,0,0,0,195.0,0,0,0,0,0,0,0,0,0,0,0,1,0,0,1,0,0,0,1,0
0,1,11,14,0,1,1,0.0,0,1,0,3,0,0,48.0,0,0,0,0,0,0,0,0,1,0,0,0,1,0,0,0,0,0,1,0
1,357,21,24,0,2,2,0.0,0,0,0,0,0,0,109.8,0,1,0,0,0,0,0,0,0,0,0,1,0,0,1,0,0,0,1,0
1,273,35,24,2,5,2,0.0,0,0,1,0,0,0,94.63,0,0,0,1,0,0,0,0,0,0,1,0,0,0,1,0,0,0,1,0
0,44,9,1,0,4,2,0.0,0,0,0,0,0,0,100.3,0,2,0,0,0,0,0,0,0,0,0,1,0,0,1,0,0,0,1,0
0,4,11,7,1,3,2,0.0,0,0,0,0,0,0,106.0,0,0,0,1,0,0,0,0,0,0,1,0,0,0,1,0,0,0,0,1
0,129,22,23,0,0,2,0.0,0,0,0,0,0,0,0.0,0,2,0,0,0,0,0,0,0,0,0,1,0,0,1,0,0,0,1,0
1,79,41,10,1,1,2,0.0,0,0,0,0,0,0,62.0,0,0,0,0,0,0,0,0,0,1,0,0,0,0,1,0,0,0,0,1
0,4,44,23,2,3,1,0.0,0,0,0,0,0,0,95.0,0,0,0,0,0,0,0,0,0,0,1,0,0,0,1,0,0,0,1,0
0,69,27,30,2,3,2,0.0,0,0,0,0,0,0,127.8,0,0,0,0,0,0,0,0,1,0,0,0,1,0,0,0,0,0,1,0
1,3,36,2,0,1,2,0.0,0,0,0,0,0,0,179.0,0,2,0,1,0,0,0,0,1,0,0,0,1,0,0,0,0,0,1,0
0,60,25,16,0,3,2,2.0,0,0,0,0,0,0,201.0,1,0,0,0,0,0,0,0,0,0,0,1,0,0,1,0,0,0,1,0
0,30,23,6,0,2,2,0.0,0,0,0,0,0,0,120.0,0,1,0,0,1,0,0,0,0,0,0,1,0,0,1,0,0,0,1,0
1,79,49,30,0,4,2,0.0,0,0,0,0,3,0,88.4,0,2,0,0,0,0,0,0,0,0,0,1,0,0,1,0,0,0,1,0
0,270,10,11,2,2,2,0.0,0,0,0,0,0,0,68.0,0,0,0,0,0,0,0,0,0,0,1,0,0,0,1,0,0,0,1,0
0,0,9,22,1,2,2,0.0,0,0,0,0,0,0,60.0,0,2,0,0,0,0,0,0,0,0,0,1,0,0,1,0,0,0,0,1
0,14,44,26,1,3,1,0.0,0,0,0,0,0,0,48.0,0,0,0,0,0,0,0,1,0,0,0,0,0,0,0,0,0,0,1,0
0,69,38,11,2,1,2,0.0,0,0,0,0,0,0,135.9,0,1,0,0,0,0,0,0,0,0,0,1,0,0,1,0,0,0,1,0
0,3,3,16,1,0,1,0.0,0,1,0,9,0,0,65.0,0,1,0,0,0,0,0,1,0,0,0,0,0,0,0,0,0,0,1,0
1,26,24,8,0,1,2,0.0,0,0,0,0,0,0,120.0,0,0,0,0,0,0,0,0,0,0,1,0,0,0,0,0,0,0,0,1
1,199,25,12,2,3,2,0.0,0,0,0,0,0,0,110.0,0,1,0,1,0,0,0,0,0,0,0,1,0,0,1,0,0,0,1,0
0,88,18,30,0,1,2,0.0,0,0,0,1,0,0,126.9,0,1,0,0,0,0,0,0,0,0,0,1,0,0,1,0,0,0,0,1
0,169,14,31,0,3,2,0.0,0,0,0,0,1,0,66.0,0,0,0,0,0,0,0,0,0,1,0,0,1,0,0,0,1,0,0,1
1,9,21,15,1,0,2,0.0,0,0,0,0,0,0,70.0,0,0,0,0,0,0,0,0,0,1,0,0,0,0,1,0,0,0,0,1
0,16,22,2,2,2,2,0.0,0,0,0,0,1,0,187.5,0,1,0,0,0,0,0,0,0,0,0,1,0,0,1,0,0,0,0,1
0,111,24,9,1,3,2,0.0,0,0,0,0,0,0,132.6,0,1,0,0,0,0,0,0,0,0,0,1,0,0,1,0,0,0,1,0
1,133,33,16,2,5,2,0.0,0,0,0,0,0,0,264.0,0,2,0,0,0,0,0,0,1,0,0,0,1,0,0,0,0,0,1,0
0,71,43,22,1,1,2,0.0,0,0,0,0,0,0,142.5,0,0,0,1,0,0,0,0,0,0,1,0,0,0,1,0,0,0,0,1
1,27,31,25,1,3,3,0.0,0,0,0,0,0,0,182.33,0,0,0,0,0,0,0,0,0,0,0,1,0,0,1,0,0,0,1,0
1,40,18,3,0,3,2,0.0,0,0,0,0,0,0,134.1,0,0,0,0,1,0,0,0,0,0,0,1,0,0,1,0,0,0,1,0
0,1,32,8,0,1,1,0.0,0,1,5,19,1,0,0.0,0,3,0,0,0,0,1,0,0,0,0,0,1,0,0,0,0,0,1,0
0,92,46,11,0,1,2,0.0,0,0,0,0,0,0,90.0,0,0,0,0,0,0,0,0,0,0,1,0,0,0,1,0,0,0,0,1
0,63,48,23,1,2,2,0.0,0,0,0,0,0,0,60.0,0,0,0,0,0,0,0,0,0,0,1,0,0,0,1,0,0,0,1,0
0,17,29,21,0,2,2,0.0,0,0,0,0,0,0,156.6,0,1,0,0,0,0,0,0,0,0,0,1,0,0,1,0,0,0,1,0
1,34,50,8,0,2,1,0.0,0,0,1,0,0,0,90.0,0,0,0,0,0,0,0,0,0,0,1,0,0,0,1,1,0,0,1,0
1,210,32,2,0,3,2,0.0,0,0,0,0,0,0,126.0,0,1,0,0,0,0,0,0,0,0,0,1,0,0,1,0,0,0,1,0
1,61,4,25,0,2,2,0.0,0,0,0,0,0,0,80.0,0,0,0,0,0,0,0,0,0,1,0,0,0,0,1,1,0,0,1,0
0,7,19,5,0,3,1,0.0,0,0,0,0,0,0,112.0,0,0,0,0,0,0,0,0,0,0,1,0,0,0,1,0,0,0,1,0
0,2,4,23,0,1,2,0.0,0,0,0,0,0,0,48.0,0,2,0,0,0,0,0,0,0,0,0,1,0,0,1,0,0,0,1,0
0,10,34,18,2,5,2,1.0,0,0,0,0,0,0,187.0,0,2,0,0,0,0,0,0,1,0,0,0,1,0,0,0,0,0,1,0
0,39,33,14,0,2,2,0.0,0,0,0,0,1,0,109.0,0,0,0,1,0,0,0,0,0,0,1,0,0,0,1,0,0,0,0,1
0,337,42,9,2,5,2,0.0,0,0,0,0,0,101,67.99,0,0,0,1,0,0,0,0,0,1,0,0,1,0,0,0,0,0,0,1
1,239,42,17,0,1,2,0.0,0,0,1,0,0,0,60.0,0,0,0,0,0,0,0,0,0,1,0,0,0,0,1,1,0,0,1,0
0,25,51,14,1,1,2,0.0,0,0,0,0,1,0,49.2,1,0,0,0,0,0,0,0,0,0,0,1,0,0,1,0,0,0,1,0
0,126,31,25,1,2,2,0.0,0,0,0,0,0,0,77.03,0,1,0,0,0,0,0,0,0,0,0,1,0,0,1,0,0,0,1,0
0,16,39,25,2,3,1,0.0,0,0,0,0,0,0,250.0,0,0,0,0,0,0,0,0,0,1,0,0,0,0,1,0,0,0,0,1
0,88,41,7,0,2,2,0.0,0,0,0,0,0,0,90.0,0,1,0,0,0,0,0,1,0,0,0,0,0,0,0,0,0,0,0,1
0,15,41,4,0,2,1,1.0,0,0,0,0,0,0,116.31,0,1,0,0,0,0,0,0,0,0,0,1,0,0,1,0,0,0,1,0
0,84,48,27,1,2,2,0.0,0,0,0,0,3,0,64.0,0,0,0,0,0,0,0,0,0,1,0,0,0,0,1,0,0,0,0,1
0,35,17,17,2,2,2,1.0,0,0,0,0,0,0,104.3,0,2,0,0,0,0,0,0,0,0,0,1,0,0,1,0,0,0,1,0
1,108,12,18,0,2,2,0.0,0,0,1,0,0,0,80.0,0,0,0,0,0,0,0,0,0,0,1,0,0,0,1,1,0,0,1,0
0,16,39,25,2,3,1,0.0,0,0,0,0,0,0,170.0,0,0,0,0,0,0,0,0,0,1,0,0,0,0,1,0,0,0,0,1
1,23,11,10,1,3,2,0.0,0,0,0,0,0,0,96.0,0,0,0,0,0,0,0,0,0,0,0,1,0,0,1,0,0,0,1,0
1,16,9,3,0,2,2,1.0,0,0,0,0,0,0,128.0,0,1,0,0,0,0,0,0,0,0,0,1,0,0,1,0,0,0,1,0
1,95,23,7,0,3,2,0.0,0,0,0,0,0,0,89.1,0,1,0,0,0,0,0,0,0,0,1,0,0,0,1,0,0,0,1,0
0,33,5,28,0,2,2,0.0,0,0,0,0,0,0,44.8,0,1,0,0,0,0,0,0,0,0,0,1,0,0,1,0,0,0,1,0
1,118,16,22,2,1,3,0.0,0,0,0,0,0,0,175.5,0,2,0,0,0,0,0,0,0,0,0,1,0,0,1,0,0,0,1,0
0,30,8,24,2,2,3,0.0,0,0,0,0,0,0,125.8,0,1,0,0,0,0,0,0,0,0,0,1,0,0,1,0,0,0,1,0
0,36,37,10,0,3,2,0.0,0,0,0,0,0,0,120.0,1,1,0,0,0,0,0,0,0,0,0,1,0,0,1,0,0,0,1,0
1,0,6,6,1,0,1,0.0,0,0,0,0,0,0,0.0,0,0,0,1,0,0,1,0,0,0,0,0,1,0,0,0,0,0,1,0
1,270,17,20,0,4,2,0.0,0,0,0,0,0,187,62.8,0,0,0,0,0,0,0,0,0,0,1,0,0,0,1,0,0,0,0,1
0,131,43,22,2,2,2,0.0,0,0,0,0,0,0,96.0,0,0,0,1,0,0,0,0,0,0,1,0,0,0,1,0,0,0,1,0
1,375,42,15,4,10,2,0.0,0,0,0,0,0,0,59.5,0,0,0,1,0,0,0,0,0,0,1,0,0,0,1,0,0,0,0,0
0,3,22,26,0,3,3,0.0,0,0,0,0,1,0,137.33,0,1,0,0,0,0,0,0,0,0,0,1,0,0,1,0,0,0,1,0
0,46,34,17,1,1,1,0.0,0,0,0,0,0,0,60.0,0,0,0,0,0,0,0,0,0,1,0,0,0,0,1,0,0,0,0,1
0,0,7,10,0,2,2,0.0,0,1,0,1,0,0,75.0,0,0,0,0,0,0,0,1,0,0,0,0,0,0,0,0,0,0,1,0
0,154,30,23,2,2,3,0.0,0,0,0,0,0,0,115.0,0,2,0,0,0,0,0,0,0,0,1,0,0,0,1,0,0,0,1,0
0,54,53,31,0,3,1,0.0,0,0,0,0,0,0,62.67,0,0,0,0,0,0,0,0,0,0,1,0,0,0,1,0,0,0,1,0
0,13,8,14,1,0,2,0.0,0,0,0,0,0,0,58.0,0,2,0,0,0,0,0,0,0,0,0,1,0,0,1,0,0,0,1,0
1,24,49,5,2,1,2,0.0,0,0,1,0,0,0,50.0,0,0,0,0,0,0,0,1,0,0,0,0,0,0,0,0,0,0,0,1
0,273,29,17,0,2,2,0.0,0,0,0,0,0,0,109.0,0,0,0,1,0,0,0,0,0,0,1,0,0,0,1,0,0,0,0,1
0,462,26,1,2,1,2,0.0,0,0,0,0,0,0,112.67,0,1,0,0,0,0,0,0,0,1,0,0,0,0,1,0,0,0,0,1
0,8,49,4,2,2,1,0.0,0,0,0,0,0,0,84.0,0,2,0,0,0,0,0,1,0,0,0,0,0,0,0,0,0,0,0,1
1,20,21,24,0,1,2,0.0,0,0,0,0,0,0,120.0,0,0,0,0,0,0,0,0,0,1,0,0,0,0,1,0,0,0,0,1
0,40,24,15,0,1,2,2.0,0,0,0,0,2,0,230.0,0,0,0,0,0,0,0,0,0,0,0,1,0,0,1,0,0,0,0,1
1,14,29,21,1,2,2,0.0,0,0,0,0,0,0,139.33,0,0,0,0,0,0,0,0,0,0,0,1,0,0,1,0,0,0,1,0
0,1,48,22,0,1,1,0.0,0,1,0,6,0,0,30.0,0,0,0,0,0,0,0,1,0,0,0,0,0,0,0,0,0,0,1,0
1,17,53,29,1,3,2,1.0,0,0,0,0,0,0,152.1,0,1,0,0,0,0,0,0,0,0,0,1,0,0,1,0,0,0,1,0
1,250,26,26,1,4,2,1.0,0,0,0,0,0,0,114.3,0,1,0,0,0,0,0,0,1,0,0,0,1,0,0,0,0,0,1,0
0,0,4,23,1,0,2,0.0,0,0,0,0,0,0,58.31,0,0,0,0,1,0,0,0,0,0,0,1,0,0,1,0,0,0,1,0
1,601,9,2,0,2,2,0.0,0,0,0,0,0,0,62.0,0,0,0,0,0,0,0,0,0,1,0,0,0,0,1,1,0,0,1,0
1,35,12,14,1,2,2,0.0,0,0,0,0,0,0,71.1,0,0,0,0,1,0,0,0,0,0,0,1,0,0,1,0,0,0,1,0
0,276,16,22,2,5,2,0.0,0,0,0,0,0,0,104.0,0,1,0,0,0,1,0,0,0,1,0,0,0,0,1,0,0,0,0,1
0,396,26,25,2,0,2,0.0,0,0,0,0,0,0,122.4,0,1,0,1,0,0,0,0,0,0,1,0,0,0,1,0,0,0,0,1
1,8,21,23,0,2,2,0.0,0,0,0,0,0,0,54.0,0,1,0,0,0,0,0,0,0,0,0,1,0,0,1,0,0,0,1,0
0,59,31,28,0,2,2,1.0,0,0,0,0,0,0,137.7,0,1,0,0,0,0,0,0,0,0,0,1,0,0,1,0,0,0,1,0
0,3,5,28,0,1,2,2.0,0,0,0,0,0,0,76.0,1,0,0,0,0,0,0,0,0,0,0,1,0,0,1,0,0,0,1,0
0,58,39,25,2,5,2,0.0,0,0,0,0,0,0,80.0,0,0,0,1,0,0,0,0,0,0,1,0,0,0,1,0,0,0,1,0
0,2,3,16,0,1,2,0.0,0,0,0,0,0,0,78.5,1,1,0,0,1,0,0,0,0,0,0,1,0,0,1,0,0,0,1,0
1,53,35,28,1,2,2,0.0,0,0,0,0,0,0,190.0,0,2,0,0,0,0,0,0,0,0,0,1,0,0,1,0,0,0,1,0
0,98,21,26,0,1,2,0.0,0,0,0,0,0,0,126.0,0,1,0,0,1,0,0,0,0,0,0,1,0,0,1,0,0,0,1,0
0,210,15,8,0,0,2,0.0,0,0,0,0,0,0,0.0,0,1,0,0,0,0,0,0,0,0,0,1,0,0,1,0,0,0,1,0
0,25,3,19,1,3,2,0.0,0,0,0,0,0,0,90.74,0,0,0,0,0,0,0,0,0,0,0,1,0,0,1,0,0,0,1,0
0,50,9,21,2,3,2,0.0,0,0,0,0,1,0,65.11,0,0,0,0,0,0,0,0,1,0,0,0,1,0,0,0,0,0,0,1
1,351,26,23,0,2,2,0.0,0,0,0,0,0,0,62.0,0,0,0,0,0,0,0,0,0,1,0,0,0,0,1,1,0,0,1,0
1,447,40,29,0,2,2,0.0,0,0,0,0,0,0,62.0,0,0,0,0,0,0,0,0,0,1,0,0,0,0,1,1,0,0,1,0
1,137,5,27,0,2,1,0.0,0,0,1,0,0,45,70.0,0,0,0,0,0,0,0,0,0,1,0,0,0,0,1,1,0,0,1,0
1,216,33,16,0,4,2,0.0,0,0,0,0,0,0,124.65,0,0,0,0,0,0,0,0,0,0,0,1,0,0,1,0,0,0,1,0
1,115,13,20,2,0,1,0.0,0,0,1,0,0,22,70.0,0,0,0,0,0,0,0,0,0,1,0,0,0,0,1,1,0,0,1,0
1,97,26,25,2,2,2,0.0,0,0,0,0,0,0,56.7,0,0,0,0,0,0,0,0,0,0,1,0,0,0,1,0,0,0,1,0
0,43,24,12,1,1,2,0.0,0,0,0,0,0,0,96.0,0,1,0,0,1,0,0,0,0,0,0,1,0,0,1,0,0,0,1,0
1,48,44,25,2,1,2,0.0,0,0,0,0,0,0,94.5,0,0,0,0,0,0,0,0,0,0,0,1,0,0,1,0,0,0,0,0
0,1,18,6,2,1,2,0.0,0,0,0,0,0,0,76.67,0,1,0,0,0,0,0,0,0,0,0,1,0,0,1,0,0,0,1,0
0,34,49,27,2,1,1,0.0,0,0,0,0,1,0,65.0,0,0,0,0,0,0,0,0,0,1,0,0,0,0,1,0,0,0,0,1
0,164,19,2,1,3,2,0.0,0,0,0,0,1,0,99.45,0,0,0,0,0,0,0,0,0,0,0,1,0,0,1,0,0,0,1,0
1,188,31,27,2,5,2,1.0,0,0,0,0,2,0,177.5,0,0,0,0,0,0,0,0,0,0,0,1,0,0,1,0,0,0,1,0
0,138,19,7,0,1,2,0.0,0,0,0,0,0,0,114.3,1,1,0,0,0,0,0,0,0,0,0,1,0,0,1,0,0,0,1,0
0,151,12,20,1,1,1,0.0,0,0,0,0,1,0,85.0,0,0,0,0,0,0,0,0,0,1,0,0,0,0,1,0,0,0,0,1
0,0,4,20,0,1,1,0.0,0,1,0,1,0,0,35.1,0,0,0,0,0,0,0,0,1,0,0,0,1,0,0,0,0,0,1,0
0,5,48,25,0,1,1,0.0,0,0,0,0,0,0,25.0,0,0,0,0,0,0,0,1,0,0,0,0,0,0,0,0,0,0,1,0
1,44,12,13,1,0,2,0.0,0,0,0,0,2,0,56.0,0,1,0,0,0,0,0,0,0,0,0,1,0,0,1,0,0,0,1,0
0,63,27,26,2,3,2,0.0,0,0,0,0,0,0,110.7,0,1,0,0,0,0,0,0,0,0,0,1,0,0,1,0,0,0,1,0
1,172,32,6,2,2,2,0.0,0,0,0,0,0,0,115.63,0,0,0,0,1,0,0,0,0,0,0,1,0,0,1,0,0,0,1,0
0,0,8,18,0,1,1,0.0,0,0,0,0,0,0,43.0,1,0,0,0,0,0,0,0,1,0,0,0,1,0,0,0,0,0,1,0
0,291,34,15,1,2,2,0.0,0,0,0,0,1,0,126.0,0,2,0,0,0,0,0,0,0,0,0,1,0,0,1,0,0,0,1,0
1,18,48,25,0,2,2,0.0,0,0,0,0,0,0,104.0,0,0,0,0,0,0,0,0,0,0,0,1,0,0,1,0,0,0,1,0
1,274,15,7,0,2,2,0.0,0,0,0,0,0,0,62.0,0,0,0,0,0,0,0,0,0,1,0,0,0,0,1,1,0,0,1,0
0,2,51,14,0,0,1,0.0,0,1,0,2,0,0,0.0,0,0,0,0,0,0,0,0,0,0,0,1,0,0,1,0,0,0,1,0
1,175,21,26,1,2,3,0.0,0,0,0,0,0,0,175.5,0,1,0,0,0,0,0,0,0,0,0,1,0,0,1,0,0,0,1,0
1,283,53,30,2,3,2,0.0,0,0,0,0,0,0,82.79,0,0,0,0,0,0,0,0,0,0,0,1,0,0,1,0,0,0,1,0
0,182,27,27,1,5,2,1.0,0,0,0,0,1,0,95.0,1,2,0,0,0,0,0,0,1,0,0,0,1,0,0,0,0,0,0,1
1,187,53,30,0,2,2,0.0,0,0,0,0,0,0,72.0,0,0,0,0,0,0,0,0,0,0,0,1,0,0,1,0,0,0,1,0
0,2,19,9,0,3,1,0.0,0,0,0,0,0,0,153.33,0,2,0,0,0,0,0,0,0,0,0,1,0,0,1,0,0,0,1,0
0,132,31,29,1,2,2,0.0,0,0,0,0,0,0,124.8,0,1,0,0,0,0,0,0,0,0,0,1,0,0,1,0,0,0,1,0
1,212,31,1,2,6,2,0.0,0,0,1,0,0,0,184.0,0,1,0,0,0,0,0,0,0,0,0,1,0,0,1,0,0,0,1,0
0,0,11,7,1,1,2,0.0,0,0,0,0,0,0,29.0,0,1,0,0,0,0,0,0,0,0,1,0,0,0,1,0,0,0,1,0
1,238,25,18,2,2,2,0.0,0,0,0,0,0,0,117.0,0,1,0,0,0,0,0,0,0,0,0,1,0,0,1,0,0,0,1,0
0,45,7,9,0,4,2,0.0,0,0,0,0,0,0,65.75,0,1,0,0,0,0,0,0,1,0,0,0,1,0,0,0,0,0,1,0
0,222,17,29,2,1,2,0.0,0,0,0,0,0,0,99.0,0,3,0,0,1,0,0,0,0,0,0,1,0,0,1,0,0,0,1,0
0,6,23,8,0,1,1,0.0,0,0,0,0,0,0,120.0,0,0,0,0,0,0,0,0,0,0,0,1,0,0,1,0,0,0,1,0
0,293,27,2,2,5,2,0.0,0,0,0,0,0,0,100.2,0,0,0,1,0,0,0,0,0,0,1,0,0,0,1,0,0,0,0,0
0,4,27,26,2,1,3,0.0,0,0,0,0,0,0,162.88,0,2,0,0,0,0,0,0,1,0,0,0,1,0,0,0,0,0,1,0
0,0,37,7,1,2,1,0.0,0,0,0,0,0,0,96.27,0,1,0,0,0,0,0,0,0,0,0,1,0,0,1,0,0,0,1,0
1,123,19,12,0,2,2,1.0,0,0,0,0,0,0,162.0,0,2,0,0,0,0,0,0,0,0,0,1,0,0,1,0,0,0,1,0
1,507,33,15,0,1,2,0.0,0,0,0,0,0,0,90.0,0,0,0,0,0,0,0,0,0,0,1,0,0,0,1,1,0,0,1,0
1,80,16,10,2,1,1,0.0,0,0,0,0,0,0,100.0,0,0,0,1,0,0,0,0,0,0,1,0,0,0,1,1,0,0,1,0
0,159,53,29,0,4,2,0.0,0,0,0,0,1,111,70.5,0,0,0,0,0,0,0,0,0,0,1,0,0,0,1,0,0,0,0,1
1,99,8,19,0,1,2,0.0,0,0,1,0,0,0,80.0,0,0,0,0,0,0,0,1,0,0,0,0,0,0,0,0,0,0,0,1
1,290,32,3,1,3,2,0.0,0,0,1,0,0,0,62.0,0,0,0,0,0,0,0,0,0,1,0,0,0,0,1,0,0,0,0,1
1,37,42,13,0,3,2,0.0,0,0,0,0,0,0,105.0,0,0,0,0,0,0,0,0,0,0,1,0,0,0,1,0,0,0,0,1
1,44,8,17,0,3,2,0.0,0,0,0,0,0,3,75.0,0,0,0,0,0,0,0,0,0,0,1,0,0,0,1,1,0,0,1,0
1,414,28,13,0,2,2,0.0,0,0,0,0,1,0,80.0,0,0,0,0,0,0,0,0,0,0,1,0,0,0,1,0,0,0,0,1
1,13,49,2,2,4,3,0.0,0,0,0,0,0,0,131.89,0,0,0,0,0,0,0,0,0,0,0,1,0,0,1,0,0,0,1,0
0,71,46,6,2,0,2,0.0,0,0,0,0,0,0,120.15,0,0,0,0,1,0,0,0,0,0,0,1,0,0,1,0,0,0,1,0
1,67,31,30,4,5,1,0.0,0,0,0,0,0,0,103.68,0,0,0,0,1,0,0,0,0,0,0,1,0,0,1,0,0,0,1,0
0,21,18,25,1,4,1,0.0,0,0,0,0,2,0,50.4,0,0,0,0,0,0,0,0,0,0,1,0,0,0,1,0,0,0,1,0
1,33,50,9,0,2,2,0.0,0,0,1,0,0,0,110.0,0,0,0,0,0,0,0,0,0,0,1,0,0,0,1,1,0,0,1,0
0,91,19,4,0,2,2,0.0,0,0,0,0,0,0,68.0,0,2,0,0,0,0,0,0,0,0,0,1,0,0,1,0,0,0,1,0
0,165,53,30,0,4,2,0.0,0,0,0,0,0,122,136.5,0,0,0,0,0,1,0,0,0,1,0,0,0,0,1,0,0,0,0,1
1,277,46,7,1,2,2,0.0,0,0,0,0,0,0,100.0,0,0,0,0,0,0,0,0,0,1,0,0,0,0,1,1,0,0,1,0
0,115,24,6,1,2,2,0.0,0,0,0,0,2,0,116.1,0,1,0,0,0,0,0,0,0,0,0,1,0,0,1,0,0,0,0,1
0,80,36,3,1,3,2,0.0,0,0,0,0,0,0,62.83,0,1,0,0,1,0,0,0,0,0,0,1,0,0,1,0,0,0,1,0
0,71,39,22,0,3,2,0.0,0,0,0,0,0,0,95.0,0,0,0,0,0,0,0,0,0,0,1,0,0,0,1,0,0,0,0,1
0,42,31,27,1,4,2,0.0,0,0,0,0,0,0,133.0,0,0,0,1,0,0,0,0,0,0,1,0,0,0,1,0,0,0,1,0
1,110,39,23,0,2,3,0.0,0,0,0,0,0,0,168.3,0,0,0,0,0,0,0,0,0,0,0,1,0,0,1,0,0,0,1,0
1,344,25,16,0,2,2,0.0,0,0,0,0,0,0,62.0,0,0,0,0,0,0,0,0,0,1,0,0,0,0,1,1,0,0,1,0
1,64,9,4,2,1,2,0.0,0,0,0,0,0,0,106.2,0,0,0,0,0,0,0,0,0,0,0,1,0,0,1,0,0,0,1,0
1,27,36,1,2,6,2,0.0,0,0,0,0,0,0,186.0,0,2,0,1,0,0,0,0,0,0,0,1,0,0,1,0,0,0,1,0
0,70,23,3,0,2,2,0.0,0,0,0,0,0,0,100.0,0,0,0,0,0,0,0,0,0,0,1,0,0,0,1,0,0,0,0,1
0,46,36,29,1,4,2,0.0,0,0,0,0,0,0,100.62,0,0,0,0,1,0,0,0,0,0,0,1,0,0,1,0,0,0,1,0
0,9,1,6,1,2,2,0.0,0,0,0,0,0,0,87.69,0,0,0,0,0,0,0,0,0,0,0,1,0,0,1,0,0,0,1,0
0,50,26,28,0,2,2,0.0,0,0,0,0,0,0,140.0,0,0,0,0,0,0,0,0,0,0,0,1,0,0,1,0,0,0,1,0
0,14,37,7,1,3,2,0.0,0,0,0,0,0,0,109.75,0,2,0,0,0,0,0,0,0,0,0,1,0,0,1,0,0,0,0,0
1,155,33,10,0,4,3,0.0,0,0,0,0,1,0,205.0,0,0,0,0,0,0,0,0,0,0,0,1,0,0,1,0,0,0,1,0
0,0,17,27,0,1,1,0.0,0,1,0,2,0,0,45.0,0,0,0,0,0,0,0,1,0,0,0,0,0,0,0,0,0,0,0,1
1,270,2,14,1,1,2,0.0,0,0,0,0,0,0,81.9,0,1,0,0,0,0,0,0,0,0,0,1,0,0,1,0,0,0,1,0
0,74,13,20,1,0,1,0.0,0,0,0,0,0,0,37.0,0,0,0,0,0,0,0,0,0,0,1,0,0,0,1,0,0,0,0,1
0,11,39,20,0,1,1,0.0,0,1,0,1,0,0,94.71,0,1,0,0,1,0,0,0,0,0,0,1,0,0,1,0,0,0,1,0
1,351,40,3,2,2,2,0.0,0,0,1,0,0,0,62.0,0,0,0,0,0,0,0,0,0,1,0,0,0,0,1,0,0,0,0,1
0,292,30,21,0,2,2,0.0,0,0,0,0,0,0,115.0,0,0,0,1,0,0,0,0,0,0,1,0,0,0,1,0,0,0,0,1
0,191,26,23,0,3,1,0.0,0,0,0,0,1,0,95.0,0,0,0,0,0,0,0,0,0,0,1,0,0,0,1,0,0,0,0,1
0,37,46,12,0,1,1,0.0,0,0,0,0,2,0,67.5,0,0,0,0,0,0,0,0,0,0,1,0,0,0,1,0,0,0,1,0
1,295,18,28,0,2,2,0.0,0,0,0,0,0,0,62.0,0,0,0,0,0,0,0,0,0,1,0,0,0,0,1,1,0,0,1,0
0,4,39,21,1,0,2,0.0,0,0,0,0,0,0,155.0,0,1,0,0,0,0,0,0,0,0,0,1,0,0,1,0,0,0,0,0
1,219,10,2,2,5,2,0.0,0,0,0,0,0,0,52.0,0,0,0,1,0,0,0,0,0,0,1,0,0,0,1,1,0,0,1,0
1,15,23,29,2,0,2,0.0,0,0,0,0,0,0,111.0,0,0,0,0,0,0,0,0,0,0,0,1,0,0,1,0,0,0,1,0
1,332,52,23,2,4,2,0.0,0,0,0,0,1,0,63.75,0,3,0,0,1,0,0,0,0,0,0,1,0,0,1,0,0,0,1,0
0,191,33,15,0,1,2,0.0,0,0,0,0,0,0,152.6,0,0,0,1,0,0,0,0,0,0,0,1,0,0,1,0,0,0,1,0
0,170,26,29,0,3,2,0.0,0,0,0,0,0,0,127.2,0,1,0,0,0,0,0,0,0,0,0,1,0,0,1,0,0,0,1,0
0,58,29,15,0,1,2,2.0,0,0,0,0,0,0,182.7,1,2,0,0,0,0,0,0,1,0,0,0,1,0,0,0,0,0,1,0
1,80,13,31,0,2,2,0.0,0,0,0,0,0,0,90.0,0,0,0,0,0,0,0,0,0,0,1,0,0,0,1,1,0,0,1,0
1,82,16,16,2,2,3,0.0,0,0,0,0,0,0,121.55,0,1,0,0,0,0,0,0,0,0,0,1,0,0,1,0,0,0,1,0
0,0,45,3,0,4,2,0.0,0,0,0,0,0,0,82.45,0,1,0,0,0,0,0,0,0,0,0,1,0,0,1,0,0,0,0,0
0,81,35,27,2,2,2,2.0,0,0,0,0,0,0,351.0,1,2,0,0,0,1,0,0,1,0,0,0,1,0,0,0,0,0,1,0
0,177,28,9,2,6,2,0.0,1,0,0,0,1,0,142.2,1,2,1,0,0,0,0,0,0,0,1,0,0,0,1,0,0,0,0,1
1,262,19,11,0,3,2,0.0,0,0,0,0,2,0,135.0,0,2,0,0,0,0,0,0,0,0,0,1,0,0,1,0,0,0,1,0
0,320,22,3,2,5,2,0.0,0,0,0,0,0,0,88.2,0,1,0,0,0,0,0,0,0,0,0,1,0,0,1,0,0,0,1,0
0,227,34,20,2,5,2,2.0,0,0,0,0,1,0,180.18,0,0,0,1,0,0,0,0,0,0,0,1,0,0,1,0,0,0,1,0
0,119,8,21,2,5,3,1.0,0,0,0,0,0,0,135.0,0,1,0,1,0,0,0,0,0,0,0,1,0,0,1,0,0,0,1,0
0,3,2,8,0,1,2,0.0,0,0,0,0,0,0,78.3,0,0,0,0,0,0,0,0,0,0,0,1,0,0,1,0,0,0,1,0
0,71,36,2,2,5,2,2.0,0,0,0,0,0,0,163.0,1,0,0,0,0,0,0,0,0,0,0,1,0,0,1,0,0,0,1,0
1,94,2,10,0,3,2,0.0,0,0,0,0,0,0,93.6,0,0,0,0,0,0,0,0,0,0,0,1,0,0,1,0,0,0,1,0
0,220,23,4,2,1,2,0.0,0,0,0,0,0,0,73.33,0,1,0,0,0,0,0,0,0,1,0,0,0,0,1,0,0,0,0,1
0,1,45,31,1,0,2,0.0,0,0,0,0,1,0,57.97,1,1,0,0,0,0,0,0,0,0,0,1,0,0,1,0,0,0,1,0
1,49,29,11,1,0,2,0.0,0,0,0,0,0,0,93.15,0,0,0,0,1,0,0,0,0,0,0,1,0,0,1,0,0,0,1,0
0,54,12,16,0,4,2,0.0,0,0,0,0,0,0,67.32,0,0,0,0,0,0,0,0,0,0,1,0,0,0,1,0,0,0,1,0
0,123,9,27,1,1,2,0.0,0,0,0,0,0,0,64.0,0,0,1,0,0,0,0,0,0,1,0,0,1,0,0,0,0,0,0,1
0,221,41,10,1,1,2,0.0,0,0,0,0,0,0,74.0,0,1,0,1,0,0,0,0,0,0,1,0,0,0,1,0,0,0,0,1
1,140,53,29,0,5,2,0.0,0,0,0,0,0,0,70.0,0,0,0,0,0,0,0,0,0,0,1,0,0,0,1,1,0,0,1,0
0,97,32,1,2,5,2,0.0,0,0,0,0,0,0,223.0,1,2,0,0,0,0,0,0,0,0,0,1,0,0,1,0,0,0,1,0
0,3,15,8,0,1,2,0.0,0,0,0,0,0,0,54.0,0,0,0,0,0,0,0,0,0,1,0,0,0,0,1,0,0,0,0,1
0,50,10,8,0,2,2,0.0,0,0,0,0,0,0,97.0,0,0,0,0,0,0,0,0,1,0,0,0,1,0,0,0,0,0,1,0
0,168,20,14,2,1,2,0.0,0,0,0,0,0,0,108.0,0,0,0,0,1,0,0,0,0,0,0,1,0,0,1,0,0,0,1,0
1,25,30,26,2,4,2,0.0,0,0,0,0,0,0,245.0,0,1,0,0,0,0,0,0,0,0,0,1,0,0,1,0,0,0,1,0
0,0,2,5,0,1,2,0.0,0,0,0,0,0,0,89.0,0,0,0,0,0,0,0,0,1,0,0,0,1,0,0,0,0,0,1,0
1,393,12,19,2,1,2,0.0,0,0,0,0,0,0,70.53,0,0,0,0,0,0,0,0,0,1,0,0,0,0,1,1,0,0,1,0
0,32,36,2,1,2,2,0.0,0,0,0,0,0,0,116.64,0,0,0,0,0,0,0,0,0,0,0,1,0,0,1,0,0,0,1,0
1,174,41,10,1,1,2,0.0,0,0,0,0,0,0,70.0,0,0,0,0,0,0,0,0,0,0,1,0,0,0,1,1,0,0,1,0
1,124,32,8,2,1,2,0.0,0,0,0,0,0,0,94.5,0,0,0,1,0,0,0,0,0,0,1,0,0,0,1,0,0,0,0,1
0,11,43,23,2,2,2,0.0,0,0,0,0,0,0,88.5,0,0,0,0,0,0,0,0,0,0,1,0,0,0,1,0,0,0,0,1
0,236,34,26,2,5,2,0.0,1,0,0,0,1,0,124.54,0,2,0,0,0,0,0,0,1,0,0,0,1,0,0,0,0,0,1,0
0,28,44,29,0,1,1,0.0,0,0,0,0,0,0,130.0,0,0,0,0,0,0,0,0,0,0,1,0,0,0,1,0,0,0,0,1
0,110,15,10,1,2,2,0.0,0,0,0,0,0,0,99.0,0,1,0,0,1,0,0,0,0,0,0,1,0,0,1,0,0,0,1,0
0,255,25,14,0,1,1,0.0,0,0,0,0,1,0,87.0,0,0,0,1,0,0,0,0,0,0,1,0,0,0,1,0,0,0,0,1
1,210,43,19,0,4,2,0.0,0,0,0,0,0,0,96.3,0,0,0,0,0,0,0,0,0,0,0,1,0,0,1,0,0,0,1,0
0,51,46,11,0,4,2,0.0,0,0,0,0,1,0,69.0,0,1,0,0,0,0,0,0,0,0,1,0,0,0,1,0,0,0,1,0
1,356,28,13,1,3,3,0.0,0,0,0,0,0,0,132.3,0,0,0,0,0,0,0,0,0,0,0,1,0,0,1,0,0,0,1,0
1,166,45,1,0,3,1,0.0,0,0,0,0,0,0,110.0,0,0,0,0,0,0,0,0,0,0,1,0,0,0,1,1,0,0,1,0
1,5,15,4,1,3,1,0.0,0,0,0,0,0,0,95.0,0,0,0,0,0,0,0,0,0,0,0,0,0,0,0,0,0,0,0,1
0,42,13,27,2,5,2,0.0,0,1,0,0,0,0,63.07,0,0,0,0,0,0,0,0,1,0,0,0,1,0,0,0,0,1,0,0
0,104,12,19,2,5,1,0.0,0,0,0,0,1,0,65.0,0,0,0,0,0,0,0,0,0,0,1,0,0,0,1,0,0,0,0,1
1,140,53,29,0,5,2,0.0,0,0,0,0,0,0,70.0,0,0,0,0,0,0,0,0,0,0,1,0,0,0,1,1,0,0,1,0
1,111,38,11,2,2,2,0.0,0,0,0,0,0,0,118.8,0,2,0,0,1,0,0,0,0,0,0,1,0,0,1,0,0,0,1,0
0,76,14,1,0,2,2,0.0,0,0,0,0,0,0,87.3,0,1,0,0,0,0,0,0,0,0,0,1,0,0,1,0,0,0,1,0
1,171,29,20,1,3,2,0.0,0,0,0,0,0,0,156.0,0,0,0,0,0,0,0,0,0,0,0,1,0,0,1,0,0,0,1,0
0,1,8,23,0,1,2,0.0,0,1,0,3,0,0,68.0,0,0,0,0,0,0,0,0,0,0,0,1,0,0,1,0,0,0,1,0
0,128,19,4,0,3,3,0.0,0,0,0,0,0,0,105.4,0,1,0,0,0,0,0,0,0,0,1,0,0,0,1,0,0,0,1,0
1,174,22,1,0,3,2,0.0,0,0,0,0,0,0,110.0,0,0,0,0,0,0,0,0,0,1,0,0,0,0,1,1,0,0,1,0
0,0,50,5,1,0,1,0.0,0,0,0,0,1,0,88.0,0,0,0,0,1,0,0,0,0,0,0,1,0,0,1,0,0,0,1,0
0,86,37,9,0,3,2,0.0,0,0,0,0,1,0,100.0,0,0,0,0,0,0,0,1,0,0,0,0,0,0,0,0,0,0,0,1
0,297,38,11,4,7,2,0.0,0,0,0,0,1,0,66.8,0,2,0,0,0,0,0,0,0,0,1,0,0,0,1,0,0,0,1,0
0,9,16,10,1,0,1,0.0,0,0,0,0,0,0,105.0,0,0,0,0,1,0,0,0,0,0,0,1,0,0,1,0,0,0,1,0
0,122,16,15,0,2,2,0.0,0,0,0,0,0,56,85.0,0,0,0,0,0,0,0,0,0,0,1,0,0,0,1,0,0,0,0,1
0,0,39,25,2,2,2,0.0,0,0,0,0,0,0,180.0,0,1,0,0,0,0,0,0,0,0,0,1,0,0,1,0,0,0,1,0
0,1,34,14,1,0,2,1.0,0,0,0,0,2,0,208.0,0,1,0,0,0,0,0,0,1,0,0,0,1,0,0,0,0,0,1,0
1,205,38,16,1,2,2,0.0,0,0,0,0,0,0,120.0,0,0,0,0,0,0,0,0,0,1,0,0,0,0,1,1,0,0,1,0
1,27,24,9,0,1,2,0.0,0,0,0,0,0,0,120.0,0,0,0,0,0,0,0,0,0,0,1,0,0,0,0,0,0,0,0,1
1,56,24,8,0,1,2,0.0,0,0,0,0,0,0,120.0,0,0,0,0,0,0,0,0,0,0,1,0,0,0,0,0,0,0,0,1
0,346,38,13,0,2,2,0.0,0,0,0,0,0,0,115.0,0,1,0,1,0,0,0,0,0,0,1,0,0,0,1,0,0,0,0,1
1,139,17,23,2,1,2,0.0,0,0,0,0,0,0,117.0,0,0,0,0,0,0,0,0,0,0,0,1,0,0,1,0,0,0,1,0
0,103,19,4,0,3,2,0.0,0,0,0,0,0,0,80.0,0,0,0,0,0,0,0,0,0,0,1,0,0,0,1,0,0,0,0,1
0,5,13,21,1,1,1,0.0,0,0,0,0,0,0,89.0,0,1,0,0,1,0,0,0,0,0,0,1,0,0,1,0,0,0,1,0
0,175,32,2,0,4,3,0.0,0,0,0,0,0,0,130.05,0,1,0,0,0,0,0,0,0,0,0,1,0,0,1,0,0,0,0,1
0,0,18,27,0,2,1,0.0,0,1,0,5,0,0,42.0,0,0,0,0,0,0,0,1,0,0,0,0,0,0,0,0,0,0,1,0
1,34,17,18,1,2,2,0.0,0,0,0,0,0,0,85.0,0,0,0,0,0,0,0,0,0,0,0,1,0,0,1,0,0,0,1,0
0,22,8,23,0,2,2,0.0,0,0,0,0,0,0,60.0,0,0,0,0,0,1,0,0,0,1,0,0,0,0,1,0,0,0,0,1
0,164,40,2,0,2,1,0.0,0,0,0,0,0,0,100.0,0,0,0,0,0,0,0,0,0,0,1,0,0,0,1,0,0,0,0,1
0,175,30,23,1,1,2,0.0,0,0,0,0,0,0,85.5,0,1,0,0,1,0,0,0,0,0,0,1,0,0,1,0,0,0,1,0
0,28,11,17,2,5,2,0.0,0,0,0,0,0,0,68.0,0,0,0,0,0,0,0,0,0,0,0,1,0,0,1,0,0,0,1,0
0,251,33,9,2,7,2,0.0,0,0,0,0,0,0,195.98,0,1,0,1,0,0,0,0,0,0,1,0,0,0,1,0,0,0,0,1
0,43,40,27,2,5,2,0.0,0,0,0,0,0,0,83.0,0,0,0,1,0,0,0,0,0,0,1,0,0,0,1,0,0,0,1,0
1,80,28,14,0,1,2,2.0,0,0,0,0,0,0,230.0,0,0,0,0,0,0,0,0,0,0,0,1,0,0,1,0,0,0,1,0
1,384,30,20,0,2,2,0.0,0,0,0,0,0,0,65.0,0,0,0,0,0,0,0,0,0,1,0,0,0,0,1,1,0,0,1,0
0,65,42,16,0,1,2,0.0,0,0,0,0,0,0,89.2,0,1,0,0,0,0,0,0,0,0,0,1,0,0,1,0,0,0,1,0
0,0,50,6,1,0,2,0.0,0,0,0,0,0,0,68.0,0,1,0,0,0,0,0,0,0,0,0,1,0,0,1,0,0,0,1,0
0,1,20,10,0,1,1,0.0,0,1,0,3,0,0,56.0,0,1,0,0,0,0,0,1,0,0,0,0,0,0,0,0,0,0,1,0
0,148,32,7,1,2,2,0.0,0,0,0,0,0,0,125.0,0,0,0,0,1,0,0,0,0,0,0,1,0,0,1,0,0,0,1,0
1,168,35,27,2,1,3,0.0,0,0,0,0,0,0,175.5,0,0,0,0,0,0,0,0,0,0,0,1,0,0,1,0,0,0,1,0
1,71,1,1,2,2,1,0.0,0,0,0,0,0,0,32.22,0,1,0,0,0,0,0,0,0,0,0,1,0,0,1,0,0,0,1,0
0,59,20,20,2,2,2,0.0,0,0,0,0,0,0,162.0,0,2,0,0,0,0,0,0,0,0,0,1,0,0,1,0,0,0,1,0
1,7,39,20,0,1,1,0.0,0,0,0,0,0,0,129.0,0,1,0,0,1,0,0,0,0,0,0,1,0,0,1,0,0,0,1,0
1,206,32,2,4,10,2,0.0,0,0,0,0,0,0,90.95,0,0,0,0,0,0,0,0,0,0,0,1,0,0,1,0,0,0,1,0
0,418,40,26,1,2,2,0.0,0,0,0,0,1,223,107.0,0,0,0,1,0,0,0,0,0,0,1,0,0,0,1,0,0,0,1,0
0,18,16,18,0,4,2,0.0,0,0,0,0,0,0,126.0,0,0,0,0,0,0,0,0,1,0,0,0,1,0,0,0,0,0,1,0
1,164,33,14,0,1,1,0.0,0,0,1,0,0,0,6.0,0,0,0,0,0,0,0,0,0,1,0,0,0,0,1,1,0,0,1,0
0,112,53,30,0,3,1,0.0,0,0,0,0,2,0,155.67,0,0,0,0,0,1,0,0,0,1,0,0,1,0,0,0,0,0,0,1
0,338,21,24,2,5,2,0.0,0,0,0,0,0,0,54.0,0,0,0,0,0,0,0,0,0,0,1,0,0,0,1,0,0,0,1,0
0,31,48,25,0,2,2,0.0,0,0,0,0,0,0,38.81,0,4,0,0,0,0,0,0,0,0,0,1,0,0,1,0,0,0,1,0
1,100,42,16,0,1,2,0.0,0,0,0,0,0,0,108.0,0,0,0,1,0,0,0,0,0,0,1,0,0,0,1,1,0,0,1,0
0,27,25,19,1,3,1,0.0,0,0,0,0,0,0,130.5,0,0,0,0,0,0,0,1,0,0,0,0,0,0,0,0,0,0,1,0
1,67,21,27,1,1,3,0.0,0,0,0,0,0,0,234.0,0,2,0,0,0,0,0,0,0,0,0,1,0,0,1,0,0,0,1,0
0,177,40,27,4,10,1,0.0,0,0,0,0,0,0,42.23,0,0,0,1,0,0,0,0,0,0,1,0,0,0,1,0,0,0,0,0
0,0,44,27,0,2,1,0.0,0,1,0,1,1,0,65.0,0,0,0,0,0,0,0,1,0,0,0,0,0,0,0,0,0,0,1,0
1,33,50,9,0,2,2,0.0,0,0,1,0,0,0,110.0,0,0,0,0,0,0,0,0,0,0,1,0,0,0,1,1,0,0,1,0
0,377,42,14,0,2,1,0.0,0,0,0,0,1,0,90.0,0,0,0,1,0,0,0,0,0,0,1,0,0,0,1,0,0,0,0,1
0,144,53,29,0,3,2,0.0,0,0,0,0,0,0,72.25,0,2,0,0,0,0,0,0,0,0,0,1,0,0,1,0,0,0,0,0
1,54,3,18,0,3,2,0.0,0,0,0,0,0,0,65.0,0,0,0,0,0,0,0,0,0,0,1,0,0,0,1,1,0,0,1,0
0,88,41,7,0,2,2,0.0,0,0,0,0,0,0,90.0,0,1,0,0,0,0,0,1,0,0,0,0,0,0,0,0,0,0,0,1
1,1,10,28,2,1,1,0.0,0,0,0,0,0,0,60.0,0,0,0,0,0,0,0,0,0,0,1,0,0,0,1,0,0,0,0,1
0,7,10,6,1,1,1,0.0,0,0,0,0,0,0,80.0,0,0,0,0,0,0,0,1,0,0,0,0,0,0,0,0,0,0,1,0
0,165,53,30,0,4,2,0.0,0,0,0,0,0,122,136.5,0,0,0,0,0,1,0,0,0,1,0,0,0,0,1,0,0,0,0,1
0,96,12,19,2,5,1,0.0,0,0,0,2,0,0,30.0,0,0,0,0,0,0,0,0,0,1,0,0,0,0,1,0,0,0,0,1
0,10,18,5,1,2,2,0.0,0,0,0,0,0,0,170.0,0,2,0,0,0,0,0,0,0,0,0,1,0,0,1,0,0,0,1,0
0,0,53,28,0,1,2,0.0,0,0,0,0,0,0,88.0,0,2,0,0,1,0,0,0,0,0,0,1,0,0,1,0,0,0,1,0
1,45,35,31,0,1,2,0.0,0,0,0,0,0,0,185.0,0,0,0,0,0,0,0,0,1,0,0,0,1,0,0,0,0,0,1,0
0,1,9,1,0,4,2,0.0,0,0,0,0,0,0,74.8,0,0,0,0,1,0,0,0,0,0,0,1,0,0,1,0,0,0,1,0
1,89,30,18,1,3,3,0.0,0,0,0,0,0,0,139.95,0,1,0,0,0,0,0,0,0,0,0,1,0,0,1,0,0,0,1,0
0,129,19,12,1,2,2,0.0,0,0,0,0,0,0,120.0,0,1,0,0,1,0,0,0,0,0,0,1,0,0,1,0,0,0,1,0
1,18,15,3,2,0,2,0.0,0,0,0,0,0,0,101.0,0,0,0,0,0,0,0,0,0,0,0,1,0,0,1,0,0,0,1,0
1,346,8,25,2,1,3,0.0,0,0,0,0,0,0,114.3,0,0,0,0,0,0,0,0,0,0,0,1,0,0,1,0,0,0,1,0
1,1,10,28,2,1,1,0.0,0,0,0,0,0,0,60.0,0,0,0,0,0,0,0,0,0,0,1,0,0,0,1,0,0,0,0,1
0,364,42,12,0,4,2,0.0,0,0,0,0,0,0,66.0,0,0,0,0,0,0,0,0,0,1,0,0,0,0,0,0,0,0,0,1
1,299,33,12,0,2,2,0.0,0,0,1,0,0,0,62.0,0,0,0,0,0,0,0,0,0,1,0,0,0,0,1,1,0,0,0,1
1,53,44,29,1,1,2,0.0,0,0,0,0,0,0,107.1,0,1,0,0,0,0,0,0,0,0,0,1,0,0,1,0,0,0,1,0
0,248,42,13,2,3,2,0.0,0,0,0,0,0,0,83.38,0,2,0,0,0,0,0,0,0,0,0,1,0,0,1,0,0,0,1,0
0,37,49,3,1,1,2,0.0,0,0,0,0,0,0,63.0,0,1,0,0,0,0,0,0,0,0,0,1,0,0,1,0,0,0,1,0
0,17,49,30,1,3,1,0.0,0,0,0,0,0,0,42.0,1,0,0,0,0,0,0,0,0,1,0,0,0,0,0,0,0,0,0,1
0,1,21,27,2,5,2,0.0,0,0,0,0,0,0,75.43,0,1,0,0,0,0,0,0,0,0,0,1,0,0,1,0,0,0,1,0
0,263,39,21,1,0,2,0.0,0,0,0,0,0,0,67.0,0,0,0,0,0,0,0,0,0,0,1,0,0,0,1,0,0,0,0,1
0,17,6,4,2,4,2,0.0,0,0,0,0,0,0,29.0,0,0,0,0,0,0,0,0,0,0,1,0,0,0,1,0,0,0,1,0
1,162,15,13,2,7,2,0.0,0,0,0,0,6,0,90.0,0,0,0,0,0,0,0,0,0,0,0,1,0,0,1,0,0,0,0,1
0,44,40,1,1,3,2,0.0,0,0,0,0,0,0,66.3,1,2,0,0,0,0,0,0,0,0,0,1,0,0,1,0,0,0,1,0
1,198,21,20,0,1,2,0.0,0,0,0,0,1,98,65.0,0,0,0,0,0,0,0,0,0,1,0,0,0,0,1,0,0,0,0,1
0,6,3,21,0,1,1,0.0,0,0,0,0,0,0,43.0,0,1,0,0,0,0,0,0,0,0,0,1,0,0,1,0,0,0,0,1
0,108,2,12,2,5,1,0.0,0,0,0,0,0,0,49.7,1,1,0,1,0,0,0,0,0,0,1,0,0,0,1,0,0,0,1,0
1,56,24,8,0,1,2,0.0,0,0,0,0,0,0,120.0,0,0,0,0,0,0,0,0,0,0,1,0,0,0,0,0,0,0,0,1
0,321,23,4,2,4,2,0.0,0,0,0,0,3,0,74.25,0,2,0,0,0,0,0,0,0,0,0,1,0,0,1,0,0,0,1,0
1,489,46,10,0,2,2,0.0,0,0,0,0,0,0,62.8,0,0,0,0,0,0,0,0,0,1,0,0,0,0,1,1,0,0,1,0
0,36,32,7,0,2,2,0.0,0,0,0,0,0,0,62.0,0,1,0,0,0,0,0,0,0,1,0,0,0,0,1,0,0,0,0,1
1,169,28,9,2,2,3,0.0,0,0,0,0,0,0,0.0,0,1,0,0,0,0,0,0,0,0,1,0,0,0,1,0,0,0,1,0
1,180,42,16,0,1,2,0.0,0,0,0,0,0,0,70.0,0,0,0,0,0,0,0,0,0,0,1,0,0,0,1,1,0,0,1,0
0,43,44,30,1,2,2,0.0,0,0,0,0,0,0,79.8,0,3,0,0,0,0,0,0,1,0,0,0,1,0,0,0,0,0,1,0
0,1,32,6,1,0,2,0.0,0,0,0,0,0,0,144.4,0,1,0,0,0,0,0,0,0,0,0,1,0,0,1,0,0,0,1,0
1,72,53,27,2,0,2,0.0,0,0,1,0,0,0,90.0,0,0,0,1,0,0,0,0,0,1,0,0,0,0,1,1,0,0,1,0
0,24,41,3,1,0,1,0.0,0,1,0,2,0,0,95.0,0,0,0,0,0,0,0,1,0,0,0,0,0,0,0,0,0,0,1,0
0,136,35,22,2,5,2,2.0,0,0,0,0,0,0,211.16,1,0,0,0,0,0,0,0,1,0,0,0,1,0,0,0,0,0,1,0
0,3,40,1,3,6,2,0.0,0,0,0,0,1,0,158.0,0,0,0,0,0,0,0,0,1,0,0,0,1,0,0,0,0,0,1,0
0,66,38,15,0,3,2,0.0,0,0,0,0,0,0,149.4,0,2,0,0,0,0,0,0,0,0,0,1,0,0,1,0,0,0,1,0
1,274,15,7,0,2,2,0.0,0,0,0,0,0,0,62.0,0,0,0,0,0,0,0,0,0,1,0,0,0,0,1,1,0,0,1,0
0,3,20,12,2,3,2,0.0,0,0,0,0,0,0,121.0,0,0,0,0,1,0,0,0,0,0,0,1,0,0,1,0,0,0,1,0
1,100,17,23,1,1,2,0.0,0,0,0,0,0,0,96.0,0,0,0,1,0,0,0,0,0,1,0,0,0,0,1,1,0,0,1,0
0,56,51,12,1,0,1,0.0,0,0,0,0,0,0,79.2,0,2,0,0,1,0,0,0,0,0,0,1,0,0,1,0,0,0,1,0
1,70,17,22,0,2,2,0.0,0,0,0,0,1,0,105.3,0,2,0,0,0,0,0,0,0,0,0,1,0,0,1,0,0,0,1,0
1,97,41,5,1,3,1,0.0,0,0,0,0,0,0,140.0,0,0,0,0,0,0,0,0,0,1,0,0,0,0,1,1,0,0,1,0
0,215,48,21,1,1,1,0.0,0,0,0,0,0,0,75.0,0,0,0,0,0,0,0,0,0,1,0,0,0,0,0,0,0,0,1,0
0,72,52,24,0,3,2,0.0,1,0,0,0,1,0,85.5,0,1,0,0,0,0,0,0,1,0,0,0,1,0,0,0,0,0,1,0
0,4,21,16,1,0,1,0.0,0,0,0,0,0,0,89.0,0,0,0,0,1,0,0,0,0,0,0,1,0,0,1,0,0,0,1,0
1,129,23,2,0,3,2,0.0,0,0,0,0,0,0,126.9,0,0,0,0,0,0,0,0,0,0,0,1,0,0,1,0,0,0,1,0
0,0,22,29,1,0,2,0.0,0,0,0,0,0,0,139.0,0,1,0,0,0,0,0,0,0,0,0,1,0,0,1,0,0,0,1,0
0,4,11,14,0,1,1,0.0,0,0,0,0,1,0,103.0,0,0,0,0,0,0,0,0,1,0,0,0,1,0,0,0,0,0,1,0
0,17,39,26,2,2,1,0.0,0,0,0,0,0,0,170.0,0,0,0,0,0,0,0,0,0,1,0,0,0,0,1,0,0,0,0,1
1,232,48,26,2,1,2,0.0,0,0,0,0,0,0,30.0,0,0,0,0,0,0,0,0,0,1,0,0,0,0,1,1,0,0,1,0
0,29,48,23,0,4,2,0.0,0,0,0,0,0,0,77.0,0,1,0,0,0,0,0,0,1,0,0,0,1,0,0,0,0,0,1,0
0,52,10,7,0,4,2,0.0,0,0,0,0,0,0,74.8,0,0,0,0,1,0,0,0,0,0,0,1,0,0,1,0,0,0,1,0
0,0,21,19,0,1,2,0.0,0,0,0,0,0,0,209.0,1,0,0,0,0,0,0,0,1,0,0,0,1,0,0,0,0,0,1,0
0,1,40,27,0,1,2,0.0,0,0,0,0,1,0,115.0,0,0,0,0,0,0,0,1,0,0,0,0,0,0,0,0,0,0,1,0
0,171,27,6,1,3,2,0.0,0,0,0,0,0,0,68.61,0,1,0,0,1,0,0,0,0,0,0,1,0,0,1,0,0,0,1,0
1,221,18,30,2,5,2,0.0,0,0,0,0,0,0,71.43,0,0,0,1,0,0,0,0,0,1,0,0,0,0,1,0,0,0,0,1
0,103,53,27,0,2,2,0.0,0,0,0,0,0,0,62.0,0,0,0,0,0,0,0,0,1,0,0,0,1,0,0,0,0,0,1,0
0,72,17,23,1,1,2,0.0,0,0,0,0,0,0,118.8,0,1,0,0,0,0,0,0,0,0,0,1,0,0,1,0,0,0,0,1
1,154,28,9,0,1,3,0.0,0,0,0,0,0,0,146.7,0,0,0,0,0,0,0,0,0,0,0,1,0,0,1,0,0,0,1,0
0,6,11,10,0,3,2,0.0,0,0,0,0,0,0,106.33,0,1,0,0,0,0,0,0,0,0,0,1,0,0,1,0,0,0,1,0
0,5,26,21,0,2,2,0.0,0,0,0,0,0,0,156.0,0,1,0,0,0,0,0,0,0,0,0,1,0,0,1,0,0,0,1,0
0,76,47,19,0,3,2,0.0,0,0,0,0,0,0,72.25,0,2,0,0,0,0,0,0,0,0,0,1,0,0,1,0,0,0,0,0
1,64,21,17,0,2,2,0.0,0,0,0,0,1,0,140.0,0,0,0,0,0,0,0,1,0,0,0,0,0,0,1,0,0,0,0,1
0,191,18,4,0,3,2,0.0,0,0,0,0,0,0,89.17,1,2,0,0,0,0,0,0,0,0,0,1,0,0,1,0,0,0,0,1
0,43,36,28,2,2,2,0.0,0,0,0,0,0,0,216.0,1,1,0,0,0,0,0,0,0,0,0,1,0,0,1,0,0,0,1,0
0,43,21,21,2,2,2,0.0,0,0,0,0,0,0,140.4,0,1,0,0,0,0,0,0,0,0,0,1,0,0,1,0,0,0,1,0
1,300,33,13,0,2,2,0.0,0,1,1,0,0,0,62.8,0,0,0,0,0,0,0,0,0,1,0,0,0,0,1,0,0,0,0,1
0,35,6,9,2,5,2,0.0,0,0,0,0,0,0,71.0,0,0,0,0,0,0,0,0,1,0,0,0,1,0,0,0,0,0,1,0
1,135,43,22,2,2,2,0.0,0,0,0,0,0,0,68.0,0,0,0,0,0,0,0,0,0,0,0,1,0,0,1,0,0,0,1,0
0,177,40,27,2,5,2,0.0,0,0,0,0,0,0,36.13,0,0,0,0,0,0,0,0,0,0,1,0,0,0,1,0,0,0,0,0
0,6,15,13,0,2,2,0.0,0,0,0,0,0,0,160.0,0,1,0,0,1,0,0,0,0,0,0,1,0,0,1,0,0,0,1,0
0,122,31,30,1,3,2,0.0,0,0,0,0,0,0,144.6,1,0,0,0,0,0,0,0,0,0,0,1,0,0,1,0,0,0,1,0
0,61,48,23,1,2,1,0.0,0,0,0,0,0,0,70.0,0,0,0,0,0,0,0,0,0,1,0,0,0,0,1,0,0,0,0,1
0,1,9,3,0,1,2,1.0,0,0,0,0,1,0,132.0,1,1,0,0,0,0,0,0,1,0,0,0,1,0,0,0,0,0,1,0
1,289,28,10,1,4,2,0.0,0,0,0,0,0,0,138.38,0,0,0,0,0,0,0,0,0,0,0,1,0,0,1,0,0,0,1,0
1,109,32,10,2,4,2,0.0,0,0,0,0,0,0,125.0,0,1,0,0,1,0,0,0,0,0,0,1,0,0,1,0,0,0,1,0
0,29,43,20,0,5,2,0.0,0,0,0,0,0,0,78.6,0,1,0,0,0,0,0,0,0,0,1,0,0,0,1,0,0,0,1,0
0,1,48,25,0,0,2,0.0,0,0,0,0,1,0,0.0,1,0,0,0,0,0,0,0,1,0,0,0,1,0,0,0,0,0,1,0
0,47,39,18,2,2,2,0.0,0,0,0,0,0,0,119.52,0,0,0,0,0,0,0,0,0,0,0,1,0,0,1,0,0,0,1,0
0,248,18,3,1,4,2,0.0,0,0,0,0,0,0,54.0,0,1,0,0,0,0,0,0,0,0,0,1,0,0,1,0,0,0,1,0
0,1,7,13,2,1,2,0.0,0,0,0,0,0,0,80.0,0,0,0,0,0,0,0,0,0,0,1,0,0,0,1,0,0,0,1,0
0,11,6,6,0,1,2,0.0,0,0,0,0,0,0,93.0,0,1,0,0,0,0,0,0,0,0,0,1,0,0,1,0,0,0,1,0
0,76,38,16,0,2,2,0.0,0,0,0,0,0,0,0.0,0,0,0,0,0,0,0,0,0,1,0,0,0,0,1,0,0,0,0,1
0,68,41,8,2,1,2,1.0,0,0,0,0,0,0,135.0,0,3,0,0,0,0,0,0,0,0,0,1,0,0,1,0,0,0,1,0
0,95,27,6,0,3,2,0.0,0,0,0,0,0,0,120.0,0,1,0,0,1,0,0,0,0,0,0,1,0,0,1,0,0,0,1,0
1,43,23,30,1,2,2,0.0,0,0,0,0,0,0,65.0,0,0,0,0,0,0,0,0,0,0,0,1,0,0,1,0,0,0,1,0
1,66,15,9,2,0,2,0.0,0,0,0,0,0,0,100.0,0,0,0,0,0,0,0,0,0,1,0,0,0,0,1,1,0,0,1,0
0,85,42,14,2,5,2,0.0,0,0,0,0,0,0,70.2,0,2,0,0,0,0,0,0,0,0,0,1,0,0,1,0,0,0,1,0
0,10,28,13,0,1,2,0.0,0,0,0,0,0,0,180.0,0,3,0,0,0,0,0,0,0,0,0,1,0,0,1,0,0,0,1,0
0,16,39,25,2,3,1,0.0,0,0,0,0,2,0,170.0,0,0,0,0,0,0,0,0,0,1,0,0,0,0,1,0,0,0,0,1
1,168,16,12,0,2,2,0.0,0,0,0,0,0,0,86.0,0,0,0,1,0,0,0,0,0,1,0,0,0,0,1,1,0,0,1,0
1,37,22,29,1,2,2,2.0,0,0,0,0,0,0,270.0,0,0,0,0,0,0,0,0,0,0,0,1,0,0,1,0,0,0,1,0
1,18,8,25,1,1,2,0.0,0,0,0,0,0,0,74.0,0,0,0,0,0,0,0,0,0,0,0,1,0,0,1,0,0,0,1,0
0,72,38,18,0,1,2,0.0,0,0,0,0,0,0,108.0,0,0,0,1,0,0,0,0,0,0,1,0,0,0,1,0,0,0,0,1
0,44,44,29,1,3,2,0.0,0,0,0,0,0,0,104.63,0,2,0,0,0,0,0,0,0,0,0,1,0,0,1,0,0,0,0,0
0,1,2,10,0,1,1,0.0,0,1,0,4,0,0,65.0,0,0,0,0,0,0,0,1,0,0,0,0,0,0,0,0,0,0,1,0
0,122,19,11,0,2,1,0.0,0,0,0,0,0,0,117.0,0,0,0,0,1,0,0,0,0,0,0,1,0,0,1,0,0,0,0,1
1,139,33,11,1,3,2,0.0,0,0,0,0,0,0,231.5,0,0,0,0,0,0,0,0,0,0,0,1,0,0,1,0,0,0,1,0
0,11,34,21,2,4,2,0.0,0,0,0,0,0,0,175.17,0,1,0,0,0,0,0,0,0,0,0,1,0,0,1,0,0,0,1,0
0,33,23,6,0,2,2,0.0,0,0,0,0,0,0,150.0,0,1,0,0,0,0,0,0,0,0,0,1,0,0,1,0,0,0,1,0
1,238,37,7,0,3,1,0.0,0,0,0,0,0,0,89.0,0,0,0,0,0,0,0,0,0,1,0,0,0,0,1,1,0,0,1,0
0,1,10,7,4,10,1,0.0,0,1,0,1,0,0,95.0,0,2,0,0,0,0,0,0,0,0,0,0,0,0,0,0,0,0,1,0
0,23,36,4,0,1,2,0.0,0,0,0,0,0,0,105.0,0,0,0,0,0,0,0,0,0,0,0,1,0,0,1,0,0,0,1,0
0,57,42,13,0,3,1,0.0,0,0,0,0,0,0,132.3,0,2,0,0,0,0,0,0,0,0,0,1,0,0,1,0,0,0,1,0
0,0,30,21,0,1,2,0.0,0,0,0,0,0,0,139.0,0,0,0,0,0,0,0,0,1,0,0,0,1,0,0,0,0,0,1,0
1,34,23,7,1,4,1,0.0,0,0,0,0,0,0,139.6,0,1,0,0,1,0,0,0,0,0,0,1,0,0,1,0,0,0,1,0
0,31,37,10,2,5,2,0.0,0,0,0,0,0,0,178.42,0,1,0,0,0,0,0,0,0,0,0,1,0,0,1,0,0,0,1,0
1,113,20,20,2,1,1,0.0,0,0,0,0,0,0,190.0,0,0,0,0,0,0,0,0,0,0,1,0,0,0,1,1,0,0,1,0
0,128,33,9,0,4,2,0.0,0,0,0,0,1,0,125.0,0,0,0,0,0,0,0,0,1,0,0,0,1,0,0,0,0,0,1,0
1,199,39,21,1,1,2,0.0,0,0,1,0,0,0,48.0,0,0,0,0,0,0,0,0,0,0,1,0,0,0,1,0,0,0,1,0
1,601,9,2,0,2,2,0.0,0,0,0,0,0,0,62.0,0,0,0,0,0,0,0,0,0,1,0,0,0,0,1,1,0,0,1,0
0,34,29,12,2,5,2,0.0,1,0,0,0,1,0,149.0,0,1,0,1,0,0,0,0,0,0,1,0,0,0,1,0,0,0,1,0
0,18,15,8,0,1,2,0.0,0,0,0,0,0,0,89.0,0,1,0,0,1,0,0,0,0,0,0,1,0,0,1,0,0,0,1,0
0,53,47,13,2,4,2,0.0,0,0,0,0,0,0,88.4,0,1,0,0,0,0,0,0,0,0,0,1,0,0,1,0,0,0,1,0
0,23,21,18,0,1,1,0.0,0,0,0,0,0,0,120.12,0,1,0,0,0,0,0,0,0,0,0,1,0,0,1,0,0,0,1,0
0,12,29,18,2,2,2,0.0,0,0,0,0,0,0,62.0,0,0,0,0,0,0,0,0,0,1,0,0,0,0,1,0,0,0,0,1
1,9,39,24,0,3,2,0.0,0,0,1,0,0,0,171.33,0,1,0,0,0,0,0,0,1,0,0,0,1,0,0,0,0,0,1,0
0,84,43,21,1,2,2,0.0,0,0,0,0,0,0,80.75,0,2,0,0,0,0,0,0,0,0,1,0,0,0,1,0,0,0,1,0
0,25,12,13,2,0,2,0.0,0,0,0,0,0,0,93.0,1,1,0,0,1,0,0,0,0,0,0,1,0,0,1,0,0,0,1,0
0,0,35,24,1,0,2,0.0,0,0,0,0,0,0,137.7,0,0,0,0,0,0,0,0,0,0,0,1,0,0,1,0,0,0,1,0
0,2,32,3,0,4,2,0.0,0,0,0,0,0,0,109.0,0,0,0,0,0,0,0,0,0,0,1,0,0,0,1,0,0,0,1,0
0,200,36,29,1,3,2,0.0,0,0,0,0,2,0,90.95,0,0,0,0,0,0,0,0,0,0,0,1,0,0,1,0,0,0,1,0
0,60,37,10,2,6,2,0.0,0,0,0,0,0,0,149.4,0,2,0,0,0,0,0,0,0,0,0,1,0,0,1,0,0,0,1,0
0,18,3,15,2,3,2,0.0,0,0,0,0,1,0,89.0,0,1,0,0,0,0,0,0,0,0,0,1,0,0,1,0,0,0,0,1
1,232,8,22,7,19,2,0.0,0,0,0,0,0,0,55.8,0,2,0,0,0,0,0,0,0,0,0,1,0,0,1,0,0,0,1,0
0,316,22,26,0,3,2,0.0,0,0,0,0,0,0,110.0,0,0,0,0,0,0,0,0,0,1,0,0,0,0,1,0,0,0,0,1
0,45,35,27,1,0,1,0.0,0,0,0,0,0,0,115.0,0,0,0,0,0,0,0,0,0,1,0,0,0,0,1,0,0,0,0,1
1,68,8,17,0,2,2,0.0,0,0,1,0,0,0,75.0,0,0,0,0,0,0,0,0,0,1,0,0,0,0,1,1,0,0,1,0
0,253,29,21,1,2,2,0.0,0,0,0,0,2,0,99.9,0,0,0,0,0,0,0,0,0,0,0,1,0,0,1,0,0,0,0,1
0,25,51,17,2,1,1,0.0,0,0,0,0,0,0,96.0,0,0,0,0,0,0,0,0,0,0,0,1,0,0,1,0,0,0,1,0
0,87,20,20,2,2,2,0.0,0,0,0,0,0,0,94.0,0,2,0,0,0,0,0,0,0,0,0,1,0,0,1,0,0,0,1,0
1,253,18,4,2,5,2,0.0,0,0,0,0,0,0,50.85,0,0,0,0,0,0,0,0,0,0,1,0,0,0,1,0,0,0,0,0
0,120,9,4,2,5,2,0.0,0,0,0,0,0,0,99.48,0,1,0,1,0,0,0,0,0,0,0,1,0,0,1,0,0,0,1,0
1,80,13,31,0,2,2,0.0,0,0,0,0,0,0,90.0,0,0,0,0,0,0,0,0,0,0,1,0,0,0,1,1,0,0,1,0
0,63,34,20,1,3,2,0.0,0,0,0,0,0,0,163.5,0,2,0,0,0,0,0,0,0,0,0,1,0,0,1,0,0,0,0,1
1,30,32,8,2,1,2,0.0,0,0,0,0,0,0,86.0,0,0,0,1,0,0,0,0,0,1,0,0,0,0,1,0,0,0,0,1
0,36,30,24,2,5,2,0.0,0,0,0,0,0,0,175.43,1,0,0,0,0,0,0,0,0,0,0,1,0,0,1,0,0,0,1,0
1,9,29,21,0,2,2,0.0,0,0,0,0,0,0,95.2,0,1,0,0,1,0,0,0,0,0,0,1,0,0,1,0,0,0,1,0
1,68,8,17,0,2,2,0.0,0,0,1,0,0,0,75.0,0,0,0,0,0,0,0,0,0,1,0,0,0,0,1,1,0,0,1,0
0,26,29,18,2,2,2,0.0,0,0,0,0,0,0,132.6,1,0,0,0,0,0,0,0,0,0,0,1,0,0,1,0,0,0,1,0
0,101,18,29,2,3,2,0.0,0,0,0,0,13,0,75.0,0,1,0,1,0,0,0,0,0,1,0,0,0,0,1,0,0,0,0,1
0,119,23,8,2,8,2,0.0,0,0,0,0,0,0,97.4,0,0,0,1,0,0,0,0,0,0,1,0,0,0,1,0,0,0,1,0
1,20,29,16,2,3,2,0.0,0,0,0,0,0,0,194.0,0,0,0,0,0,0,0,0,0,0,0,1,0,0,1,0,0,0,1,0
0,6,16,19,0,3,2,0.0,0,0,0,0,0,0,128.0,0,1,0,1,0,0,0,0,0,0,0,1,0,0,1,0,0,0,1,0
1,303,34,19,2,3,2,0.0,0,0,0,0,0,0,78.0,0,0,0,0,0,0,0,0,0,0,1,0,0,0,1,0,0,0,0,1
0,233,36,3,1,1,2,0.0,0,0,0,0,0,0,96.0,0,1,0,1,0,0,0,0,0,1,0,0,0,0,1,0,0,0,0,1
0,101,23,10,2,1,2,0.0,0,0,0,0,0,0,166.0,1,0,0,0,0,0,0,0,0,0,0,1,0,0,1,0,0,0,1,0
1,56,5,1,0,3,2,0.0,0,0,0,0,0,0,60.0,0,0,0,0,0,0,0,0,0,1,0,0,0,0,1,1,0,0,1,0
1,316,19,10,0,2,2,0.0,0,0,0,0,0,0,109.8,0,1,0,0,0,0,0,0,0,0,0,1,0,0,1,0,0,0,1,0
0,1,44,31,0,1,2,0.0,0,0,0,0,0,0,39.2,0,0,0,0,0,0,0,0,0,0,1,0,0,0,1,0,0,0,1,0
1,3,40,2,2,2,2,0.0,0,0,1,0,0,0,164.0,0,0,0,0,0,0,0,0,0,0,0,1,0,0,1,0,0,0,0,0
1,27,43,16,2,0,2,0.0,0,0,0,0,0,0,57.0,0,0,0,0,0,0,0,0,0,0,0,1,0,0,1,0,0,0,1,0
0,245,40,26,3,7,2,0.0,0,0,0,0,0,0,82.0,0,0,0,1,0,0,0,0,0,1,0,0,0,0,1,0,0,0,0,1
1,37,42,13,0,3,1,0.0,0,0,0,0,0,0,95.0,0,0,0,0,0,0,0,0,0,0,1,0,0,0,1,0,0,0,0,1
0,111,43,18,4,10,2,0.0,0,0,0,0,1,0,81.79,0,0,0,1,0,0,0,0,0,0,1,0,0,0,1,0,0,0,1,0
0,171,27,7,1,2,2,0.0,0,0,0,0,0,0,111.6,0,0,0,0,0,0,0,0,1,0,0,0,1,0,0,0,0,0,1,0
1,178,18,28,0,3,1,0.0,0,0,1,0,0,46,110.0,0,0,0,0,0,0,0,0,0,0,1,0,0,0,1,1,0,0,1,0
0,39,33,14,0,2,2,0.0,0,0,0,0,0,0,109.0,0,0,0,1,0,0,0,0,0,0,1,0,0,0,1,0,0,0,0,1
0,60,39,21,1,1,1,0.0,0,0,0,0,1,0,0.0,0,0,0,0,0,0,0,0,0,0,1,0,0,0,1,0,0,0,0,1
0,5,38,19,2,3,2,0.0,0,0,0,0,0,0,117.8,0,0,0,0,0,0,0,0,1,0,0,0,1,0,0,0,0,0,1,0
0,52,50,9,2,2,2,0.0,0,0,0,0,0,0,96.9,0,1,0,0,0,0,0,0,0,0,0,1,0,0,1,0,0,0,1,0
1,219,36,4,1,2,2,0.0,0,0,1,0,0,0,80.0,0,0,0,0,0,0,0,0,0,0,1,0,0,0,1,0,0,0,0,1
1,202,23,29,2,1,2,0.0,0,0,0,0,0,0,90.0,0,0,0,0,0,0,0,0,0,0,1,0,0,0,1,1,0,0,1,0
0,111,14,3,1,1,1,0.0,0,0,0,0,2,0,85.0,0,0,0,0,0,0,0,0,0,1,0,0,0,0,1,0,0,0,0,1
0,79,31,29,2,5,2,0.0,0,0,0,0,0,0,112.36,1,1,0,1,0,0,0,0,0,0,0,1,0,0,1,0,0,0,0,1
1,94,29,14,0,3,2,0.0,0,0,0,0,0,0,105.3,0,0,0,0,0,0,0,0,0,0,0,1,0,0,1,0,0,0,1,0
1,414,49,5,2,1,2,0.0,0,0,1,0,0,0,62.0,0,0,0,0,0,0,0,0,0,1,0,0,0,0,1,1,0,0,1,0
0,32,44,30,2,2,2,0.0,0,0,0,0,0,0,67.5,0,0,0,0,0,0,0,0,0,0,1,0,0,0,1,0,0,1,0,0
1,79,27,7,0,2,2,0.0,0,0,0,0,0,0,120.0,0,0,0,0,1,0,0,0,0,0,0,1,0,0,1,0,0,0,1,0
0,157,28,7,1,3,2,0.0,0,0,0,0,0,0,72.25,0,0,0,0,0,0,0,0,0,0,1,0,0,0,1,0,0,0,1,0
0,186,29,10,4,7,2,0.0,0,0,0,0,1,0,128.65,0,0,0,1,0,0,0,0,0,0,1,0,0,0,1,0,0,0,1,0
0,0,11,10,0,1,1,0.0,0,1,0,3,0,0,50.0,1,1,0,0,0,0,0,1,0,0,0,0,1,0,0,0,0,0,1,0
0,90,34,16,2,4,2,0.0,0,0,0,0,0,0,107.0,0,1,0,0,0,0,0,0,0,0,1,0,0,0,1,0,0,0,0,1
0,4,2,14,0,1,1,0.0,0,0,0,0,0,0,68.0,0,0,0,1,0,0,0,0,0,1,0,0,0,0,1,0,0,0,0,1
0,26,13,29,2,5,2,0.0,0,0,0,0,1,0,80.0,0,0,0,0,0,0,0,0,1,0,0,0,1,0,0,0,0,0,1,0
1,72,8,14,2,2,2,2.0,0,0,0,0,0,0,98.0,0,0,0,0,0,0,0,0,0,0,0,1,0,0,1,0,0,0,1,0
0,364,42,12,1,4,2,0.0,0,0,0,0,2,0,86.0,0,0,0,0,0,0,0,0,0,1,0,0,0,0,0,0,0,0,0,1
0,134,8,25,0,1,1,0.0,0,0,0,0,0,0,75.0,0,0,0,0,0,0,0,0,0,1,0,0,0,0,1,0,0,0,0,1
0,71,18,24,2,1,2,0.0,0,0,0,0,0,0,88.5,0,0,0,0,1,0,0,0,0,0,0,1,0,0,1,0,0,0,0,1
1,44,24,11,2,1,2,0.0,0,0,0,0,0,0,120.0,0,1,0,0,1,0,0,0,0,0,0,1,0,0,1,0,0,0,1,0
0,423,29,22,1,1,1,0.0,0,0,0,0,1,0,95.5,0,0,0,1,0,0,0,0,0,0,1,0,0,0,1,0,0,0,0,1
0,34,39,23,0,3,2,0.0,0,0,0,0,0,33,224.67,0,0,0,1,0,0,0,0,0,0,1,0,0,0,1,0,0,0,0,1
0,0,2,9,1,0,1,0.0,0,0,0,0,0,0,30.0,0,0,0,0,0,0,0,0,0,0,1,0,0,0,1,0,0,0,1,0
0,213,24,13,1,5,2,0.0,0,0,0,0,0,0,121.5,0,0,0,0,0,0,0,0,1,0,0,0,1,0,0,0,0,0,0,1
0,112,52,26,2,4,2,2.0,0,0,0,0,0,0,92.55,0,1,0,0,0,0,0,0,0,0,0,1,0,0,1,0,0,0,1,0
0,315,33,14,3,10,2,0.0,0,0,0,0,0,0,134.85,0,0,0,1,0,0,0,0,0,0,1,0,0,0,1,0,0,0,0,0
0,92,53,31,2,5,2,0.0,0,0,0,0,0,0,59.18,0,2,0,1,0,0,0,0,0,0,1,0,0,0,1,0,0,0,0,1
0,0,44,29,0,1,2,1.0,1,0,0,0,1,0,239.0,1,1,0,0,0,0,0,0,1,0,0,0,1,0,0,0,0,0,1,0
1,35,23,7,0,2,2,0.0,0,0,0,0,2,0,159.0,0,1,0,1,0,0,0,0,0,0,0,1,0,0,1,0,0,0,1,0
1,235,38,18,2,3,2,0.0,0,0,1,0,0,0,89.25,0,2,0,0,0,0,0,0,0,0,0,1,0,0,1,0,0,0,0,1
1,20,7,13,1,2,2,0.0,0,0,0,0,0,0,48.0,0,0,0,0,0,0,0,0,0,0,0,1,0,0,1,0,0,0,1,0
0,137,33,12,0,2,2,2.0,0,0,0,0,0,0,183.9,0,0,0,0,0,0,0,0,1,0,0,0,1,0,0,0,0,0,1,0
1,72,6,6,2,1,2,0.0,0,0,0,0,0,0,73.33,0,0,0,1,0,0,0,0,0,1,0,0,1,0,0,0,0,0,0,1
1,144,44,28,1,2,2,0.0,0,0,0,0,0,0,80.1,0,0,0,0,1,0,0,0,0,0,0,1,0,0,1,0,0,0,1,0
0,0,13,28,0,1,1,0.0,0,1,0,4,0,0,35.0,0,0,0,0,0,0,0,1,0,0,0,0,0,0,0,0,0,0,1,0
0,194,35,31,0,3,2,0.0,0,0,0,0,0,0,99.0,0,0,0,0,1,0,0,0,0,0,0,1,0,0,1,0,0,0,1,0
1,122,31,1,0,1,2,0.0,0,0,0,0,0,0,209.0,0,0,0,0,0,0,0,0,0,0,0,1,0,0,1,0,0,0,1,0
1,134,17,28,2,2,2,2.0,0,0,0,0,0,0,191.25,0,2,0,0,0,0,0,0,0,0,0,1,0,0,1,0,0,0,1,0
0,27,37,9,2,2,2,0.0,0,0,0,0,0,0,167.2,0,0,0,0,0,0,0,0,0,0,0,1,0,0,1,0,0,0,0,1
1,386,16,18,0,1,2,0.0,0,0,0,0,0,0,90.0,0,0,0,0,0,0,0,0,0,0,1,0,0,0,1,1,0,0,1,0
0,47,43,19,1,4,2,0.0,0,0,0,0,0,47,76.8,0,0,0,1,0,0,0,0,0,1,0,0,1,0,0,0,0,0,0,1
0,94,28,6,1,3,3,0.0,0,0,0,0,0,0,171.32,0,1,0,0,0,0,0,0,0,0,1,0,0,0,1,0,0,0,1,0
1,311,37,8,4,10,2,0.0,0,0,0,0,0,0,85.11,0,0,0,0,0,0,0,0,0,0,1,0,0,0,1,0,0,0,1,0
0,38,2,3,2,1,2,0.0,0,0,0,0,0,0,26.0,0,0,0,0,0,0,0,0,0,0,1,0,0,0,1,0,0,0,1,0
1,32,6,8,0,4,2,0.0,0,0,0,0,0,0,66.64,0,0,0,0,0,0,0,0,0,0,0,1,0,0,1,0,0,0,1,0
0,89,28,7,2,5,2,2.0,0,0,0,0,0,0,183.73,0,1,0,0,0,0,0,0,0,0,0,1,0,0,1,0,0,0,1,0
1,180,49,27,2,2,2,0.0,0,0,0,0,0,0,85.0,0,0,0,0,0,0,0,0,0,0,0,1,0,0,1,0,0,0,1,0
0,139,19,8,1,3,2,1.0,0,0,0,0,0,0,144.0,0,2,0,0,0,0,0,0,0,0,0,1,0,0,1,0,0,0,1,0
0,5,6,3,0,1,1,0.0,0,0,0,0,2,0,38.0,0,0,0,0,0,0,0,1,0,0,0,0,0,0,0,0,0,0,1,0
0,47,33,12,0,3,2,0.0,0,0,0,0,0,0,157.08,0,2,0,1,0,0,0,0,0,0,0,1,0,0,1,0,0,0,1,0
1,44,8,17,0,3,2,0.0,0,0,0,0,0,3,75.0,0,0,0,0,0,0,0,0,0,0,1,0,0,0,1,1,0,0,1,0
1,100,42,16,0,1,2,0.0,0,0,0,0,0,0,108.0,0,0,0,1,0,0,0,0,0,0,1,0,0,0,1,1,0,0,1,0
1,359,31,30,2,5,3,1.0,0,0,0,0,0,0,219.0,0,0,0,0,0,0,0,0,0,0,0,1,0,0,1,0,0,0,1,0
1,113,23,31,0,3,1,0.0,0,0,0,0,0,0,100.0,0,0,0,0,0,0,0,1,0,0,0,0,0,0,1,1,0,0,1,0
1,143,14,27,2,4,2,0.0,0,0,0,0,0,0,45.6,0,2,0,0,0,0,0,0,0,0,0,1,0,0,1,0,0,0,1,0
0,32,47,20,0,2,1,0.0,0,0,0,0,1,0,73.0,0,0,0,0,0,0,0,0,0,0,1,0,0,0,1,0,0,0,0,1
1,37,23,5,1,3,2,0.0,0,0,0,0,0,0,125.0,0,0,0,0,1,0,0,0,0,0,0,1,0,0,1,0,0,0,1,0
0,136,21,16,1,3,2,0.0,0,0,0,0,0,0,107.95,0,0,0,0,0,0,0,0,0,0,0,1,0,0,1,0,0,0,1,0
0,86,48,26,2,5,2,0.0,0,0,0,0,0,0,88.8,1,1,0,1,0,0,0,0,0,0,0,1,0,0,1,0,0,0,1,0
1,9,21,15,1,0,2,0.0,0,0,0,0,0,0,70.0,0,0,0,0,0,0,0,0,0,1,0,0,0,0,1,0,0,0,0,1
0,163,32,1,2,5,2,0.0,0,0,0,0,0,0,140.76,0,1,0,1,0,0,0,0,0,0,1,0,0,0,1,0,0,0,1,0
0,84,37,7,0,1,1,0.0,0,1,3,14,2,0,65.0,0,0,0,0,0,0,0,1,0,0,0,0,0,0,0,0,0,0,1,0
0,156,33,12,2,6,2,0.0,0,0,0,0,0,0,106.89,0,1,0,0,0,0,0,0,0,0,0,1,0,0,1,0,0,0,1,0
0,92,32,6,0,3,2,0.0,0,0,0,0,0,0,63.75,0,1,0,0,0,0,0,0,0,0,1,0,0,0,1,0,0,0,0,1
0,0,40,30,0,1,2,2.0,0,0,0,0,0,0,196.0,0,1,0,0,0,0,0,0,0,0,0,1,0,0,1,0,0,0,0,0
0,16,15,8,0,2,1,0.0,0,0,0,0,0,0,131.0,0,1,0,0,0,0,0,0,0,0,0,1,0,0,1,0,0,0,1,0
0,89,24,17,2,5,2,0.0,0,0,0,0,1,0,250.0,0,0,0,0,0,0,0,0,0,0,0,1,0,0,1,0,0,0,1,0
0,41,41,3,1,3,2,0.0,0,0,0,0,0,0,79.73,0,1,0,0,0,0,0,0,0,0,0,1,0,0,1,0,0,0,1,0
0,40,35,29,0,1,1,0.0,0,0,0,0,0,0,95.0,0,0,0,0,0,0,0,1,0,0,0,0,0,0,0,0,0,0,1,0
0,0,2,6,0,3,2,0.0,0,1,0,1,0,0,29.0,0,0,0,0,0,0,0,0,1,0,0,0,1,0,0,0,0,0,1,0
1,594,8,23,0,2,2,0.0,0,0,0,0,0,0,62.0,0,0,0,0,0,0,0,0,0,1,0,0,0,0,1,1,0,0,1,0
1,120,35,28,1,5,3,0.0,0,0,0,0,0,0,297.0,0,2,0,1,0,0,0,0,0,0,0,1,0,0,1,0,0,0,1,0
1,151,23,4,2,5,2,0.0,0,0,0,0,0,0,99.0,0,2,0,0,0,0,0,0,0,0,0,1,0,0,1,0,0,0,1,0
1,33,30,28,2,4,3,1.0,0,0,0,0,0,0,315.0,0,0,0,0,0,0,0,0,0,0,0,1,0,0,1,0,0,0,1,0
0,6,13,30,0,1,2,0.0,0,0,0,0,0,0,118.0,0,2,0,0,0,0,0,0,0,0,0,1,0,0,1,0,0,0,1,0
0,265,24,15,0,3,2,0.0,0,0,0,0,2,0,80.1,0,2,0,0,0,0,0,0,0,0,0,1,0,0,1,0,0,0,0,1
1,119,7,10,0,3,2,0.0,0,0,0,0,0,0,81.0,0,1,0,0,0,0,0,0,0,0,0,1,0,0,1,0,0,0,1,0
0,23,44,28,0,2,2,0.0,0,0,0,0,0,0,145.0,0,2,0,0,0,0,0,0,0,0,0,1,0,0,1,0,0,0,1,0
0,20,38,11,2,0,2,0.0,0,0,0,0,0,0,89.0,0,2,0,0,1,0,0,0,0,0,0,1,0,0,1,0,0,0,1,0
0,80,15,13,2,4,2,1.0,0,0,0,0,1,0,168.25,0,0,0,1,0,0,0,0,1,0,0,0,1,0,0,0,0,0,1,0
1,137,28,11,2,1,2,0.0,0,0,1,0,0,0,86.0,0,0,0,1,0,0,0,0,0,1,0,0,0,0,1,0,0,0,0,1
0,8,8,19,0,1,1,0.0,0,0,0,0,1,0,81.0,0,0,0,0,0,0,0,1,0,0,0,0,0,0,1,0,0,0,0,1
1,111,12,24,0,2,2,0.0,0,0,0,0,0,0,106.2,0,0,0,0,0,0,0,0,0,0,0,1,0,0,1,0,0,0,1,0
0,237,26,21,2,7,2,2.0,0,0,0,0,0,0,135.0,0,3,0,0,0,0,0,0,0,0,0,1,0,0,1,0,0,0,1,0
0,1,39,22,1,3,3,0.0,0,0,0,0,0,0,198.0,0,0,0,0,0,0,0,0,0,0,1,0,0,0,1,0,0,0,0,1
0,15,23,7,0,2,1,0.0,0,0,0,0,0,0,130.0,0,0,0,0,0,0,0,0,0,0,1,0,0,0,1,0,0,0,0,1
1,262,28,6,1,1,2,0.0,0,0,1,0,0,0,62.0,0,0,0,0,0,0,0,0,0,1,0,0,0,0,1,0,0,0,0,0
0,31,16,16,2,5,2,0.0,0,0,0,0,0,0,41.4,0,0,0,0,0,0,0,0,0,0,1,0,0,0,1,0,0,0,1,0
0,0,7,17,0,1,2,0.0,0,1,0,0,0,0,54.0,0,1,0,0,0,0,0,0,1,0,0,0,1,0,0,0,0,0,1,0
0,17,18,1,1,2,1,0.0,0,0,0,0,0,0,120.0,0,1,0,0,1,0,0,0,0,0,0,1,0,0,1,0,0,0,1,0
0,177,27,6,1,3,2,0.0,0,0,0,0,0,0,89.1,0,0,0,0,0,0,0,0,1,0,0,0,1,0,0,0,0,0,1,0
1,147,30,21,0,2,2,0.0,0,0,1,0,0,0,75.0,0,0,0,0,0,0,0,0,0,1,0,0,0,0,1,0,0,0,1,0
0,0,8,22,0,1,2,0.0,0,1,0,2,0,0,68.0,0,0,0,0,0,0,0,0,1,0,0,0,1,0,0,0,0,0,1,0
1,30,8,20,2,4,1,0.0,0,0,0,0,0,0,73.42,0,0,0,0,0,0,0,0,0,0,0,1,0,0,1,0,0,0,1,0
0,0,35,26,0,2,2,0.0,0,0,0,0,1,0,148.0,0,0,0,0,0,0,0,0,1,0,0,0,1,0,0,0,0,0,1,0
1,247,41,9,1,2,1,0.0,0,0,1,0,0,0,19.0,0,0,1,0,0,0,0,0,0,1,0,0,0,0,1,1,0,0,1,0
1,139,1,3,0,4,2,0.0,0,0,0,0,0,0,85.0,0,1,0,0,0,0,0,0,0,0,0,1,0,0,1,0,0,0,1,0
0,2,37,9,0,2,2,0.0,0,0,0,0,0,0,154.0,0,0,0,0,0,0,0,0,1,0,0,0,1,0,0,0,0,0,1,0
0,35,40,25,2,0,2,0.0,0,0,0,0,0,0,117.0,0,2,0,0,0,0,0,0,0,0,0,1,0,0,1,0,0,0,0,1
1,99,12,23,1,3,3,0.0,0,0,0,0,0,0,134.3,0,1,0,0,0,0,0,0,0,0,0,1,0,0,1,0,0,0,1,0
1,189,22,2,0,2,2,0.0,0,0,0,0,0,0,100.0,0,0,0,0,0,0,0,0,0,1,0,0,0,0,1,1,0,0,1,0
0,25,31,26,2,5,2,0.0,0,0,0,0,1,0,183.0,1,2,0,0,0,0,0,0,0,0,0,1,0,0,1,0,0,0,1,0
1,131,17,24,1,2,2,0.0,0,0,0,0,0,0,99.0,0,0,0,0,1,0,0,0,0,0,0,1,0,0,1,0,0,0,1,0
1,95,19,7,0,1,2,0.0,0,0,0,0,0,0,126.9,0,0,0,0,0,0,0,0,0,0,0,1,0,0,1,0,0,0,1,0
0,74,13,30,2,3,2,0.0,0,0,0,0,0,0,89.32,0,2,0,0,1,0,0,0,0,0,0,1,0,0,1,0,0,0,1,0
0,86,34,16,2,3,2,1.0,0,0,0,0,0,0,132.0,1,0,0,0,0,0,0,0,1,0,0,0,1,0,0,0,0,0,1,0
0,0,4,17,1,0,2,0.0,0,0,0,0,0,0,43.0,0,0,0,0,0,0,0,0,1,0,0,0,1,0,0,0,0,0,1,0
1,42,32,9,0,4,2,0.0,0,0,0,0,0,0,140.0,0,0,0,0,1,0,0,0,0,0,0,1,0,0,1,0,0,0,1,0
1,221,24,10,1,2,2,0.0,0,0,1,0,0,15,80.0,0,0,0,0,0,0,0,0,0,0,1,0,0,0,1,1,0,0,1,0
0,70,15,8,2,2,3,1.0,0,0,0,0,0,0,173.35,0,0,0,0,0,0,0,0,0,0,1,0,0,0,1,0,0,0,0,1
1,55,3,16,2,5,2,2.0,0,0,0,0,0,0,147.9,0,0,0,0,0,0,0,0,0,0,0,1,0,0,1,0,0,0,1,0
1,2,19,13,2,2,2,0.0,0,0,0,0,0,0,119.5,0,0,0,1,0,0,0,0,0,0,0,1,0,0,1,0,0,0,1,0
1,8,8,19,0,2,2,2.0,0,0,0,0,0,0,135.0,0,4,0,0,0,0,0,0,1,0,0,0,1,0,0,0,0,0,1,0
0,33,32,8,0,5,2,0.0,0,0,0,0,2,0,196.0,0,2,0,1,0,0,0,0,0,0,0,1,0,0,1,0,0,0,1,0
0,5,33,15,2,1,2,0.0,0,0,0,0,0,0,47.25,0,0,0,1,0,0,0,0,0,0,1,0,0,0,1,0,0,0,0,1
1,177,32,6,2,5,2,0.0,0,0,0,0,0,0,156.96,0,0,0,0,0,0,0,0,0,0,0,1,0,0,1,0,0,0,1,0
1,73,30,24,3,9,2,0.0,0,0,0,0,0,0,213.33,0,1,0,0,0,0,0,0,0,0,0,1,0,0,1,0,0,0,1,0
1,38,2,14,0,1,1,0.0,0,0,0,0,0,0,75.0,0,0,0,0,0,0,0,1,0,0,0,0,0,0,0,1,0,0,1,0
0,17,49,30,1,3,1,0.0,0,0,0,0,0,0,42.0,1,0,0,0,0,0,0,0,0,1,0,0,0,0,0,0,0,0,0,1
1,68,8,17,0,2,2,0.0,0,0,1,0,0,0,75.0,0,0,0,0,0,0,0,0,0,1,0,0,0,0,1,1,0,0,1,0
0,0,22,1,0,2,2,0.0,0,0,0,0,0,0,90.0,0,2,0,0,0,0,0,0,0,0,0,1,0,0,1,0,0,0,1,0
0,96,30,23,2,3,2,2.0,0,0,0,0,0,0,188.16,0,2,0,0,0,0,0,0,0,0,0,1,0,0,1,0,0,0,1,0
1,74,38,18,0,2,2,0.0,0,0,0,0,0,0,101.5,0,0,0,1,0,0,0,0,0,0,1,0,0,0,1,1,0,0,0,1
0,99,22,28,2,1,2,2.0,0,0,0,0,1,0,250.0,0,0,0,0,0,0,0,0,0,0,0,1,0,0,1,0,0,0,1,0
0,10,23,29,1,0,2,0.0,0,0,0,0,0,0,120.35,0,1,0,0,0,0,0,0,0,0,0,1,0,0,1,0,0,0,1,0
1,116,10,28,2,1,1,0.0,0,0,0,0,0,0,61.0,0,0,0,0,0,0,0,0,0,0,1,0,0,0,1,0,0,0,0,1
1,55,23,29,2,1,1,0.0,0,0,0,0,1,0,120.0,0,0,0,0,0,0,0,0,0,1,0,0,0,0,1,0,0,0,0,1
0,75,12,15,0,2,2,0.0,0,0,0,0,0,0,67.5,0,0,0,0,1,0,0,0,0,0,0,1,0,0,1,0,0,0,1,0
0,68,13,26,2,4,2,0.0,0,0,0,0,0,0,75.0,0,0,0,0,0,0,0,0,0,0,1,0,0,0,1,0,0,0,1,0
0,75,27,26,2,2,2,0.0,0,0,0,0,0,0,77.03,0,1,0,0,0,0,0,0,0,0,0,1,0,0,1,0,0,0,1,0
0,7,44,28,2,2,2,0.0,0,0,0,0,0,0,100.1,0,1,0,0,1,0,0,0,0,0,0,1,0,0,1,0,0,0,1,0
1,182,31,26,0,4,2,0.0,0,0,0,0,0,0,85.25,0,0,0,0,0,0,0,0,1,0,0,0,1,0,0,0,0,0,0,1
0,5,13,22,0,3,2,1.0,0,0,0,0,1,0,84.33,0,0,0,0,0,0,0,0,0,0,0,1,0,0,1,0,0,0,1,0
0,1,7,11,0,1,1,0.0,0,0,0,0,0,0,80.0,0,0,0,0,0,0,0,0,1,0,0,0,1,0,0,0,0,0,1,0
1,72,6,6,2,1,2,0.0,0,0,0,0,0,0,73.33,0,0,0,1,0,0,0,0,0,1,0,0,1,0,0,0,0,0,0,1
1,24,17,21,0,2,2,0.0,0,0,0,0,0,0,117.0,0,0,0,0,0,0,0,0,0,0,0,1,0,0,1,0,0,0,1,0
1,50,13,23,0,4,2,0.0,0,0,0,0,0,0,87.75,0,2,0,0,0,0,0,0,0,0,0,1,0,0,1,0,0,0,1,0
1,133,45,2,0,4,2,0.0,0,0,0,0,0,0,90.0,0,2,0,0,0,0,0,0,0,0,0,1,0,0,1,0,0,0,1,0
1,298,15,14,1,2,2,0.0,0,0,0,0,0,0,90.0,0,0,0,0,0,0,0,0,0,0,1,0,0,0,1,0,0,0,0,1
0,8,18,26,0,2,2,0.0,0,0,0,0,0,0,119.0,0,1,0,0,1,0,0,0,0,0,0,1,0,0,1,0,0,0,1,0
0,0,4,19,0,1,1,0.0,0,0,0,0,0,0,37.0,0,0,0,0,0,0,0,0,0,0,1,0,0,0,1,0,0,0,1,0
0,133,27,3,3,5,2,0.0,0,0,0,0,0,0,151.88,1,0,0,0,0,0,0,0,1,0,0,0,1,0,0,0,0,0,1,0
0,207,32,12,4,6,2,0.0,0,0,0,0,0,0,78.61,0,1,0,0,1,0,0,0,0,0,0,1,0,0,1,0,0,0,1,0
0,198,40,25,2,5,2,0.0,0,0,0,0,0,0,65.4,0,0,0,1,0,0,0,0,0,0,1,0,0,0,1,0,0,0,0,0
1,60,2,12,0,3,1,0.0,0,0,0,0,0,0,37.0,0,2,0,0,0,0,0,0,0,0,0,1,0,0,1,0,0,0,1,0
0,11,35,23,2,1,2,1.0,0,0,0,0,0,0,90.0,0,1,0,0,0,0,0,0,1,0,0,0,1,0,0,0,0,0,1,0
0,18,13,31,2,2,1,0.0,0,1,0,1,0,0,53.39,0,3,0,0,0,0,0,0,0,0,0,1,0,0,1,0,0,0,1,0
1,211,11,15,2,5,2,0.0,0,0,0,0,0,0,37.8,0,0,0,0,0,0,0,0,0,0,0,1,0,0,1,0,0,0,1,0
0,0,6,9,0,1,1,0.0,0,0,0,0,0,0,88.0,0,1,0,0,1,0,0,0,0,0,0,1,0,0,1,0,0,0,1,0
1,58,32,8,2,6,1,0.0,0,0,0,0,1,0,173.0,0,0,0,0,0,0,0,0,1,0,0,0,1,0,0,0,0,0,1,0
0,111,20,14,2,1,2,0.0,0,0,0,0,0,0,117.6,0,0,0,0,0,0,0,0,0,0,0,1,0,0,1,0,0,0,1,0
0,0,47,15,0,1,1,0.0,0,0,0,0,0,0,41.0,1,0,0,0,0,0,0,1,0,0,0,0,1,0,0,0,0,0,1,0
0,11,39,22,0,2,2,0.0,0,0,0,0,0,0,98.0,0,0,0,0,0,0,0,0,0,1,0,0,0,0,1,0,0,0,0,1
0,1,46,10,0,2,1,0.0,0,1,0,1,0,0,40.0,0,1,0,0,0,0,0,1,0,0,0,0,0,0,0,0,0,0,1,0
0,37,10,4,2,2,2,0.0,0,0,0,0,0,0,73.1,0,0,0,0,0,0,0,0,1,0,0,0,1,0,0,0,0,0,1,0
0,83,28,9,2,0,3,0.0,0,0,0,0,0,0,190.0,0,2,0,0,0,0,0,0,0,0,0,1,0,0,1,0,0,0,1,0
0,15,13,30,2,6,0,0.0,0,0,0,0,0,0,0.0,0,0,0,0,1,0,0,1,0,0,0,0,0,0,0,0,0,0,0,1
1,66,14,2,1,1,1,0.0,0,0,0,0,0,0,88.2,0,0,0,0,0,0,0,0,0,0,0,1,0,0,1,0,0,0,1,0
0,155,35,22,1,5,2,0.0,0,0,0,0,0,0,170.0,0,2,0,0,0,0,0,0,0,0,0,1,0,0,1,0,0,0,1,0
0,62,44,29,1,1,2,1.0,0,0,0,0,1,0,139.5,1,2,0,0,0,0,0,0,1,0,0,0,1,0,0,0,0,0,1,0
0,170,34,17,2,5,2,1.0,0,0,0,0,1,0,284.86,1,1,0,1,0,0,0,0,0,0,0,1,0,0,1,0,0,0,1,0
0,109,23,4,2,1,2,0.0,0,0,0,0,1,0,89.75,0,0,0,0,0,0,0,0,0,0,1,0,0,0,1,0,0,0,1,0
0,48,8,22,0,2,1,0.0,0,0,0,0,0,0,65.0,0,1,0,0,0,0,0,0,0,1,0,0,0,0,1,0,0,0,0,1
0,43,34,24,1,3,2,1.0,0,0,0,0,0,0,293.0,0,3,0,0,0,0,0,0,1,0,0,0,1,0,0,0,0,0,1,0
0,35,44,28,0,2,2,0.0,0,0,0,0,0,0,104.13,0,0,0,0,0,0,0,0,1,0,0,0,1,0,0,0,0,0,1,0
0,89,37,10,2,3,2,0.0,0,0,0,0,2,0,161.2,1,0,1,0,0,0,0,0,0,0,0,1,0,0,1,0,0,0,1,0
0,5,43,16,1,0,1,0.0,0,0,0,0,0,0,75.0,0,0,0,0,0,0,0,0,1,0,0,0,1,0,0,0,0,0,1,0
0,283,44,23,2,1,2,0.0,0,0,0,0,0,0,111.3,0,1,0,0,0,0,0,0,0,0,0,1,0,0,1,0,0,0,0,1
0,172,39,18,2,1,2,0.0,0,0,0,0,0,0,90.95,0,1,0,0,0,0,0,0,0,0,1,0,0,0,1,0,0,0,1,0
0,6,47,18,0,1,1,0.0,0,0,0,0,2,0,65.0,0,0,0,0,0,0,0,0,0,1,0,0,0,0,1,0,0,0,0,1
0,3,41,6,0,1,1,0.0,0,0,0,0,0,0,0.0,0,0,0,0,0,0,1,0,0,0,0,0,1,0,0,0,0,0,1,0
1,144,32,11,2,2,2,0.0,0,0,0,0,0,0,130.5,0,0,0,0,0,0,0,0,0,0,0,1,0,0,1,0,0,0,1,0
1,69,14,2,2,2,2,0.0,0,0,0,0,0,0,85.85,0,0,0,0,0,0,0,0,0,0,0,1,0,0,1,0,0,0,1,0
0,24,39,19,1,2,2,0.0,0,0,0,0,0,0,107.0,0,0,0,0,0,0,0,0,0,0,1,0,0,0,1,0,0,0,1,0
1,333,20,18,2,3,2,0.0,0,0,0,0,0,0,54.0,0,0,0,0,0,0,0,0,0,0,0,1,0,0,1,0,0,0,1,0
0,8,45,4,2,5,2,0.0,0,0,0,0,0,0,113.6,0,1,0,0,0,0,0,0,0,0,0,1,0,0,1,0,0,0,1,0
0,1,6,6,1,0,2,0.0,0,0,0,0,0,0,80.0,0,1,0,0,0,0,0,0,1,0,0,0,1,0,0,0,0,0,0,1
1,315,49,2,0,2,2,0.0,0,0,0,0,0,0,52.0,0,0,0,0,0,0,0,0,0,0,1,0,0,0,1,1,0,0,1,0
1,61,4,25,0,2,2,0.0,0,0,0,0,0,0,80.0,0,0,0,0,0,0,0,0,0,1,0,0,0,0,1,1,0,0,1,0
0,28,44,28,0,2,2,0.0,0,0,0,0,0,0,110.0,0,2,0,0,1,0,0,0,0,0,0,1,0,0,1,0,0,0,1,0
0,323,21,17,0,4,1,0.0,0,0,0,0,1,0,86.0,0,0,0,1,0,0,0,0,0,0,1,0,0,0,1,0,0,0,0,1
1,99,22,3,1,1,2,0.0,0,0,0,0,0,0,89.1,0,1,0,0,0,0,0,0,0,0,1,0,0,0,1,0,0,0,1,0
0,35,12,16,0,2,1,0.0,0,0,0,0,0,0,76.5,0,1,0,0,0,0,0,0,0,0,0,1,0,0,1,0,0,0,0,1
0,76,17,24,1,4,2,0.0,0,0,0,0,0,0,160.2,0,1,0,1,0,0,0,0,0,0,0,1,0,0,1,0,0,0,1,0
1,311,35,24,1,1,2,0.0,0,0,1,0,0,0,62.0,0,0,0,0,0,0,0,0,0,1,0,0,0,0,1,1,0,0,0,1
0,192,26,24,0,2,1,0.0,0,0,0,0,0,0,95.0,0,0,0,0,0,0,0,0,0,0,1,0,0,0,1,0,0,0,0,1
0,338,39,23,2,5,2,0.0,0,0,0,0,1,0,85.6,0,0,0,1,0,0,0,0,0,0,1,0,0,0,1,0,0,0,1,0
1,61,4,25,0,2,2,0.0,0,0,0,0,0,0,80.0,0,0,0,0,0,0,0,0,0,1,0,0,0,0,1,1,0,0,1,0
0,30,30,19,0,4,3,1.0,0,0,0,0,0,0,180.45,0,2,0,0,0,0,0,0,1,0,0,0,1,0,0,0,0,0,1,0
0,2,9,26,2,0,1,0.0,0,0,0,0,0,0,79.2,0,0,0,0,0,0,0,0,1,0,0,0,1,0,0,0,0,0,1,0
0,218,34,26,2,5,2,0.0,0,0,0,0,1,0,111.92,0,4,0,1,0,0,0,0,0,0,0,1,0,0,1,0,0,0,1,0
1,15,37,10,1,3,2,0.0,0,0,0,0,0,0,116.75,0,0,0,0,0,0,0,0,0,0,0,1,0,0,1,0,0,0,0,0
0,90,52,24,2,3,3,0.0,0,0,0,0,0,0,119.0,0,1,0,0,0,0,0,0,0,0,0,1,0,0,1,0,0,0,1,0
0,1,49,3,0,1,1,0.0,0,0,0,0,0,0,25.0,0,0,0,0,0,0,0,0,0,0,1,0,0,0,1,0,0,0,1,0
1,271,18,3,0,3,2,0.0,0,0,0,0,0,5,100.0,0,0,0,0,0,0,0,0,0,1,0,0,0,0,1,1,0,0,1,0
0,102,32,7,2,5,3,0.0,0,0,0,0,0,0,201.4,0,2,0,0,0,0,0,0,0,0,0,1,0,0,1,0,0,0,1,0
0,151,4,19,0,3,1,0.0,0,0,0,0,1,63,71.0,0,0,0,0,0,0,0,0,0,0,1,0,0,0,1,0,0,0,0,1
0,32,41,2,4,6,2,0.0,0,0,0,0,0,0,110.72,0,1,0,0,0,0,0,0,1,0,0,0,1,0,0,0,0,0,1,0
0,69,45,2,4,10,2,0.0,0,0,0,0,0,0,30.6,0,1,0,0,0,0,0,0,0,0,1,0,0,0,1,0,0,0,1,0
1,73,39,21,1,4,1,0.0,0,0,0,0,0,0,72.0,0,0,0,0,0,0,0,0,0,0,0,1,0,0,1,0,0,0,1,0
0,13,33,9,0,3,2,0.0,0,0,0,0,0,0,261.0,0,0,0,1,0,0,0,0,0,0,0,1,0,0,1,0,0,0,1,0
0,4,31,4,0,2,2,1.0,0,0,0,0,0,0,204.9,0,1,0,0,0,0,0,0,0,0,0,1,0,0,1,0,0,0,1,0
0,40,15,10,1,2,2,0.0,0,0,0,0,0,0,75.6,0,2,0,0,0,0,0,0,0,0,0,1,0,0,1,0,0,0,1,0
0,5,34,17,1,5,2,0.0,0,0,0,0,0,0,75.0,1,1,0,0,0,0,0,0,1,0,0,0,1,0,0,0,0,0,1,0
1,13,52,24,0,1,2,0.0,0,1,1,0,1,0,105.0,0,0,0,1,0,0,0,0,0,0,0,1,0,0,1,0,0,0,1,0
1,336,38,18,0,2,2,0.0,0,0,1,0,0,0,101.5,0,0,0,1,0,0,0,0,0,0,1,0,0,0,1,1,0,0,0,1
0,56,19,5,2,5,2,0.0,0,0,0,0,0,0,72.75,0,0,0,1,0,0,0,0,0,0,1,0,0,0,1,0,0,0,0,0
0,166,22,29,4,10,1,0.0,0,0,0,0,0,0,78.95,0,0,0,0,0,1,0,0,0,0,1,0,0,0,1,0,0,0,0,0
0,1,16,16,2,1,2,0.0,0,0,0,0,0,0,89.0,0,2,0,0,1,0,0,0,0,0,0,1,0,0,1,0,0,0,1,0
0,83,19,1,2,2,2,0.0,0,0,0,0,0,0,75.0,0,0,0,0,0,0,0,0,0,0,1,0,0,0,1,0,0,0,1,0
0,5,16,18,0,1,1,0.0,0,0,0,0,0,0,0.0,0,2,0,0,0,0,1,0,0,0,0,0,0,0,1,0,0,0,1,0
0,29,18,1,1,4,2,0.0,0,0,0,0,0,0,128.44,0,1,0,0,0,0,0,0,0,0,0,1,0,0,1,0,0,0,1,0
1,177,29,17,2,5,2,0.0,0,0,0,0,0,0,149.79,0,1,0,1,0,0,0,0,0,0,0,1,0,0,1,0,0,0,1,0
1,35,12,19,2,5,2,0.0,0,0,0,0,0,0,62.86,0,2,0,0,0,0,0,0,0,0,0,1,0,0,1,0,0,0,1,0
0,7,19,10,0,2,1,0.0,0,0,0,0,0,0,46.0,1,0,0,0,0,0,0,0,0,0,1,0,0,0,1,0,0,0,1,0
0,31,31,27,1,3,2,0.0,0,0,0,0,0,0,167.2,0,0,0,0,0,0,0,0,0,0,1,0,0,0,1,0,0,0,1,0
0,76,13,27,1,5,2,0.0,0,0,0,0,0,0,96.0,0,1,0,0,0,0,0,0,0,0,0,1,0,0,1,0,0,0,1,0
1,168,21,26,1,2,2,0.0,0,0,0,0,0,0,140.0,0,0,0,0,0,0,0,0,0,1,0,0,0,0,1,1,0,0,1,0
0,41,52,20,0,1,1,0.0,0,1,1,11,3,0,88.0,1,1,0,0,0,0,0,1,0,0,0,0,0,0,0,0,0,0,1,0
0,31,28,9,2,5,2,1.0,0,0,0,0,0,0,214.87,0,1,0,0,0,0,0,0,0,0,0,1,0,0,1,0,0,0,1,0
0,15,43,20,0,4,3,0.0,0,0,0,0,0,0,111.6,0,1,0,0,0,0,0,0,0,0,0,1,0,0,1,0,0,0,1,0
0,5,4,23,0,1,2,0.0,0,0,0,0,0,0,98.0,0,0,0,0,0,0,0,0,0,0,0,1,0,0,1,0,0,0,1,0
0,290,22,29,4,10,1,0.0,0,0,0,0,0,0,51.95,0,0,0,0,0,0,0,0,0,0,1,0,0,0,1,0,0,0,0,0
1,12,42,11,2,2,2,0.0,0,0,0,0,0,0,50.4,0,2,0,0,0,0,0,0,0,0,0,1,0,0,1,0,0,0,1,0
0,56,38,17,0,2,1,0.0,0,0,0,0,1,0,58.0,0,0,0,1,0,0,0,0,0,0,1,0,0,0,1,0,0,0,0,1
0,43,25,20,0,3,2,0.0,0,0,0,0,0,0,126.67,0,1,0,0,1,0,0,0,0,0,0,1,0,0,1,0,0,0,1,0
0,119,38,18,2,5,2,0.0,0,0,0,0,0,0,85.0,0,0,0,1,0,0,0,0,0,0,1,0,0,0,1,0,0,0,1,0
1,250,32,4,0,2,2,0.0,0,0,0,0,0,0,90.25,0,1,0,0,0,0,0,0,1,0,0,0,1,0,0,0,0,0,0,1
1,83,48,24,0,3,2,0.0,0,0,0,0,0,0,93.6,0,1,0,0,0,0,0,0,0,0,0,1,0,0,1,0,0,0,1,0
0,60,21,21,2,2,2,0.0,0,0,0,0,0,0,144.0,0,1,0,0,1,0,0,0,0,0,0,1,0,0,1,0,0,0,1,0
0,56,26,20,1,2,2,0.0,0,0,0,0,0,0,99.9,0,2,0,0,0,0,0,0,0,0,0,1,0,0,1,0,0,0,1,0
0,12,21,23,0,1,1,0.0,0,0,0,0,0,0,110.0,0,1,0,0,1,0,0,0,0,0,0,1,0,0,1,0,0,0,1,0
0,35,7,12,0,2,2,0.0,0,0,0,0,0,0,80.3,0,1,0,0,0,0,0,0,0,0,0,1,0,0,1,0,0,0,1,0
1,213,21,16,1,1,1,0.0,0,0,0,0,1,0,54.5,0,0,0,1,0,0,0,0,0,1,0,0,0,0,1,0,0,0,0,1
1,67,20,13,0,2,2,0.0,0,0,0,0,0,0,116.1,0,0,0,0,1,0,0,0,0,0,0,1,0,0,1,0,0,0,1,0
1,76,39,21,0,3,0,2.0,0,0,0,0,0,0,127.38,0,3,0,0,0,0,0,0,0,0,0,1,0,0,1,0,0,0,1,0
0,295,11,15,2,4,1,0.0,0,0,0,0,0,0,26.64,0,1,0,0,0,0,0,0,0,0,0,1,0,0,1,0,0,0,1,0
1,23,13,31,0,2,2,0.0,0,0,0,0,0,0,70.0,0,0,0,0,0,0,0,0,0,0,0,1,0,0,1,0,0,0,1,0
0,9,39,22,0,1,1,0.0,0,0,0,0,0,0,119.2,0,0,0,0,1,0,0,0,0,0,0,1,0,0,1,0,0,0,1,0
0,20,26,25,2,1,1,0.0,0,0,0,0,0,0,145.0,0,1,0,0,0,0,0,0,1,0,0,0,1,0,0,0,0,0,1,0
0,1,31,29,0,1,2,0.0,0,0,0,0,0,0,109.0,0,0,0,0,1,0,0,0,0,0,0,1,0,0,1,0,0,0,1,0
0,27,40,25,1,0,1,0.0,0,0,0,0,0,0,104.0,0,1,0,0,1,0,0,0,0,0,0,1,0,0,1,0,0,0,1,0
1,52,11,13,1,1,1,0.0,0,0,0,0,0,0,80.0,0,0,0,0,0,0,0,0,0,0,1,0,0,0,1,1,0,0,1,0
0,118,18,1,1,3,2,0.0,0,0,0,0,0,0,126.0,0,0,0,0,0,0,0,0,0,0,0,1,0,0,1,0,0,0,1,0
0,15,53,27,1,5,2,0.0,0,0,0,0,0,0,70.0,0,0,0,0,0,0,0,0,0,0,1,0,0,0,1,0,0,0,0,1
0,38,39,19,1,2,1,0.0,0,0,0,0,1,0,81.0,0,1,0,0,0,0,0,0,0,0,1,0,0,0,1,0,0,0,1,0
0,0,5,29,0,2,2,0.0,0,0,0,0,0,0,79.0,0,1,0,0,1,0,0,0,0,0,0,1,0,0,1,0,0,0,1,0
1,267,40,30,1,2,2,0.0,0,0,0,0,0,0,95.0,0,0,0,0,0,0,0,0,0,0,1,0,0,0,1,1,0,0,1,0
0,8,20,10,0,2,2,0.0,0,0,0,0,0,0,39.5,0,1,0,0,0,0,0,0,1,0,0,0,1,0,0,0,0,0,1,0
0,123,13,28,0,5,2,0.0,0,0,0,0,0,0,79.64,0,0,0,0,1,0,0,0,0,0,0,1,0,0,1,0,0,0,1,0
0,0,12,17,0,1,1,0.0,0,0,0,0,0,0,46.0,1,0,0,0,0,0,0,0,1,0,0,0,1,0,0,0,0,0,1,0
1,93,14,6,0,3,2,0.0,0,0,0,0,0,0,95.0,0,0,0,0,0,0,0,0,0,0,1,0,0,0,1,1,0,0,1,0
0,203,37,5,1,2,2,0.0,0,0,0,0,0,0,80.75,0,0,0,0,0,0,0,0,0,0,1,0,0,0,1,0,0,0,0,1
1,335,38,17,0,1,2,0.0,0,0,1,0,0,0,85.0,0,0,0,0,0,0,0,0,0,0,1,0,0,0,1,1,0,0,1,0
1,181,21,25,0,2,2,0.0,0,0,0,0,0,0,130.0,0,0,0,0,0,0,0,0,0,1,0,0,1,0,0,1,0,0,1,0
0,21,28,14,2,5,2,0.0,0,0,0,0,1,0,212.71,0,0,0,1,0,0,0,0,1,0,0,0,1,0,0,0,0,0,1,0
1,116,10,28,2,1,1,0.0,0,0,0,0,0,0,61.0,0,0,0,0,0,0,0,0,0,0,1,0,0,0,1,0,0,0,0,1
0,162,17,19,0,3,2,0.0,0,0,0,0,0,0,78.56,0,0,0,1,0,0,0,0,0,0,1,0,0,0,1,0,0,0,1,0
0,6,45,1,0,1,2,0.0,0,0,0,0,0,0,45.0,0,0,0,0,0,0,0,0,1,0,0,0,1,0,0,0,0,0,1,0
0,1,42,13,0,1,1,0.0,0,0,0,0,0,0,90.0,0,0,0,0,0,0,0,0,0,0,1,0,0,0,1,0,0,0,1,0
0,191,32,11,2,5,2,0.0,0,0,0,0,0,0,112.1,0,0,0,1,0,0,0,0,0,0,1,0,0,0,1,0,0,0,1,0
1,309,20,12,0,2,2,0.0,0,0,0,0,0,0,62.0,0,0,0,0,0,0,0,0,0,1,0,0,0,0,1,1,0,0,1,0
0,18,38,12,1,0,2,0.0,0,0,0,0,0,0,89.0,0,0,0,0,1,0,0,0,0,0,0,1,0,0,1,0,0,0,1,0
0,7,4,25,0,1,1,0.0,0,0,0,0,0,0,78.4,0,0,0,0,0,0,0,0,0,0,0,1,0,0,1,0,0,0,1,0
1,7,51,13,2,8,2,0.0,0,0,0,0,0,0,74.8,0,1,0,0,1,0,0,0,0,0,0,1,0,0,1,0,0,0,1,0
0,81,28,3,2,3,1,0.0,0,0,0,0,0,0,108.9,0,1,0,0,0,0,0,0,0,0,0,1,0,0,1,0,0,0,1,0
0,17,46,6,2,2,2,0.0,0,0,0,0,0,0,142.54,0,0,0,0,1,0,0,0,0,0,0,1,0,0,1,0,0,0,1,0
1,172,32,4,1,5,2,0.0,0,0,0,0,0,0,125.9,0,1,0,0,0,0,0,0,1,0,0,0,1,0,0,0,0,0,1,0
0,174,31,1,0,5,2,0.0,0,0,0,0,1,0,193.1,0,1,0,1,0,0,0,0,1,0,0,0,1,0,0,0,0,0,1,0
0,27,5,4,2,1,2,0.0,0,0,0,0,0,0,98.0,0,0,0,0,0,0,0,0,0,0,0,1,0,0,1,0,0,0,1,0
0,0,4,26,0,1,2,0.0,0,0,0,0,0,0,45.0,0,0,0,0,0,0,0,0,1,0,0,0,1,0,0,0,0,0,1,0
1,26,21,19,0,3,2,2.0,0,0,0,0,0,0,221.0,0,0,0,0,0,0,0,0,0,0,0,1,0,0,1,0,0,0,1,0
0,0,10,7,0,5,1,0.0,0,0,0,0,0,0,90.0,0,0,0,0,0,0,0,0,1,0,0,0,1,0,0,0,0,0,1,0
0,7,8,20,0,1,3,0.0,0,0,0,0,1,0,72.13,1,2,0,0,0,0,0,0,0,0,0,1,0,0,1,0,0,0,1,0
0,1,11,8,0,2,2,0.0,0,0,0,0,0,0,103.0,0,0,0,0,0,0,0,0,0,0,0,1,0,0,1,0,0,0,0,1
0,168,37,11,0,2,2,0.0,0,0,0,0,0,0,60.0,0,0,0,0,0,0,0,0,0,1,0,0,0,0,1,0,0,0,0,1
0,0,9,26,0,1,2,0.0,0,0,0,0,0,0,89.0,0,0,0,0,0,0,0,0,1,0,0,0,1,0,0,0,0,0,1,0
0,80,49,2,0,2,2,0.0,0,0,0,0,0,0,51.8,0,1,0,0,0,0,0,0,0,1,0,0,0,0,1,0,0,0,0,1
0,59,14,2,2,4,2,0.0,0,0,0,0,3,0,126.0,0,3,0,0,0,0,0,0,0,0,0,1,0,0,1,0,0,0,1,0
1,72,10,11,2,2,2,0.0,0,0,0,0,0,0,74.8,0,1,0,0,1,0,0,0,0,0,0,1,0,0,1,0,0,0,1,0
0,26,21,24,0,1,1,0.0,0,1,0,1,0,0,45.0,0,0,0,0,0,0,0,0,0,0,1,0,0,0,1,0,0,1,0,0
0,20,21,23,0,1,2,0.0,0,0,0,0,0,0,150.0,0,1,0,0,0,0,0,0,0,0,0,1,0,0,1,0,0,0,1,0
0,40,3,16,1,2,1,0.0,0,0,0,0,3,0,27.5,0,0,0,0,0,1,0,0,0,1,0,0,1,0,0,0,0,0,0,1
1,304,45,3,0,3,2,0.0,0,0,0,0,0,0,89.0,0,0,0,0,0,0,0,0,0,0,1,0,0,0,1,1,0,0,1,0
0,0,6,4,0,1,1,0.0,0,1,0,0,2,0,30.0,1,0,0,0,0,0,0,1,0,0,0,0,0,0,0,0,0,0,1,0
0,59,6,6,2,2,2,0.0,0,0,0,0,0,0,62.0,0,0,0,0,0,0,0,0,0,1,0,0,0,0,1,0,0,0,0,1
1,63,22,28,2,2,2,0.0,0,0,0,0,0,0,100.0,0,1,0,0,0,0,0,0,0,0,0,1,0,0,1,0,0,0,1,0
0,8,18,2,0,4,2,0.0,0,0,0,0,0,0,160.0,0,0,0,0,0,0,0,0,1,0,0,0,1,0,0,0,0,0,0,1
0,30,14,30,0,2,2,0.0,0,0,0,0,0,0,52.65,0,2,0,0,0,0,0,0,1,0,0,0,1,0,0,0,0,0,1,0
0,30,23,6,0,2,1,0.0,0,0,0,0,0,0,59.8,0,0,0,0,0,0,0,0,0,0,0,1,0,0,1,0,0,0,1,0
0,41,11,14,0,5,1,0.0,0,0,0,0,0,0,65.0,1,0,0,0,0,0,0,1,0,0,0,0,0,0,0,0,0,0,1,0
1,113,23,31,0,3,1,0.0,0,0,0,0,0,0,100.0,0,0,0,0,0,0,0,1,0,0,0,0,0,0,1,1,0,0,1,0
0,43,34,15,1,2,2,1.0,0,0,0,0,0,0,203.85,1,1,0,1,0,0,0,0,0,0,0,1,0,0,1,0,0,0,1,0
1,11,7,14,0,1,2,0.0,0,0,0,0,0,0,60.0,0,1,0,0,0,0,0,0,1,0,0,0,1,0,0,0,0,0,1,0
1,173,23,4,2,2,2,0.0,0,0,0,0,0,0,120.0,0,0,0,0,0,0,0,0,0,1,0,0,0,0,1,1,0,0,1,0
0,67,35,23,4,6,2,0.0,0,0,0,0,0,0,137.65,0,1,0,1,0,0,0,0,1,0,0,0,1,0,0,0,0,0,1,0
0,2,27,1,0,1,2,0.0,0,0,0,0,0,0,147.0,0,0,0,0,0,0,0,0,1,0,0,0,1,0,0,0,0,0,1,0
1,167,33,8,1,3,2,0.0,0,0,0,0,0,0,99.45,0,1,0,0,0,0,0,0,0,0,0,1,0,0,1,0,0,0,1,0
0,183,25,18,2,0,2,0.0,0,0,0,0,0,0,99.0,0,1,0,0,0,0,0,0,0,0,1,0,0,0,1,0,0,0,1,0
0,100,11,16,0,2,2,0.0,0,0,0,0,0,0,79.2,0,1,0,0,1,0,0,0,0,0,0,1,0,0,1,0,0,0,1,0
0,97,18,1,1,5,2,0.0,0,0,0,0,0,0,126.0,0,0,0,0,0,0,0,0,0,0,0,1,0,0,1,0,0,0,1,0
0,3,39,19,1,1,2,0.0,0,0,0,0,0,0,81.0,0,2,0,0,0,0,0,0,1,0,0,0,1,0,0,0,0,0,1,0
1,119,7,10,0,3,2,0.0,0,0,0,0,0,0,81.0,0,1,0,0,0,0,0,0,0,0,0,1,0,0,1,0,0,0,1,0
0,122,16,15,0,2,2,0.0,0,0,0,0,0,56,85.0,0,0,0,0,0,0,0,0,0,0,1,0,0,0,1,0,0,0,0,1
0,49,8,19,2,3,2,0.0,0,0,0,0,0,0,90.1,0,0,0,0,0,0,0,0,0,0,0,1,0,0,1,0,0,0,1,0
0,0,4,23,0,1,2,0.0,0,0,0,0,0,0,45.0,0,0,0,0,0,0,0,0,1,0,0,0,1,0,0,0,0,0,1,0
0,342,40,29,2,4,1,0.0,0,0,0,0,0,0,36.0,0,0,0,0,0,0,0,0,0,1,0,0,0,0,1,0,0,0,0,1
1,70,26,26,1,1,2,0.0,0,0,0,0,0,0,89.1,0,0,0,0,0,0,0,0,0,0,1,0,0,0,1,0,0,0,1,0
0,1,36,31,0,1,1,0.0,0,0,0,0,0,0,125.0,0,0,0,0,0,0,0,0,0,0,0,1,0,0,1,0,0,0,1,0
1,37,42,13,0,3,2,0.0,0,0,0,0,0,0,105.0,0,0,0,0,0,0,0,0,0,0,1,0,0,0,1,0,0,0,0,1
0,32,17,19,0,1,2,0.0,0,0,0,0,0,0,59.0,0,1,0,0,0,0,0,1,0,0,0,0,0,0,0,0,0,0,0,1
1,55,51,13,2,9,1,0.0,0,0,0,0,0,0,74.8,0,1,0,0,0,0,0,0,0,0,0,1,0,0,1,0,0,0,1,0
0,183,16,16,1,1,1,0.0,0,0,0,0,1,0,54.5,0,0,0,1,0,0,0,0,0,1,0,0,0,0,1,0,0,0,0,1
1,137,34,17,0,3,3,1.0,0,0,0,0,0,0,281.0,0,0,0,0,0,0,0,0,0,0,0,1,0,0,1,0,0,0,1,0
0,179,46,8,2,5,2,0.0,0,0,0,0,0,0,26.33,0,0,0,0,0,0,0,0,0,0,0,1,0,0,1,0,0,0,1,0
